{
  "out": "/Users/boyde/.spyder-py3/plamb_runs/SkyMap/figs/sweeps/SM_synth_FR_m30_f10.png",
  "nside": 32,
  "zmin": 0.1,
  "zmax": 1.5,
  "fwhm_deg": 10.0,
  "rbao_mode": "DH/DM",
  "fr_compatible": true,
  "dipole": {
    "l_deg": 230.0327351130698,
    "b_deg": -10.227303522111217,
    "R0": 0.23899987439129566,
    "A_eff": 0.000875145061911006,
    "frac": 0.0036616967441505843,
    "p_perm": 0.0196078431372549,
    "R2": 0.9998350597372844,
    "rho": 0.9999175264677009,
    "dFR_deg": null,
    "dKdS_deg": null
  },
  "tomography": [
    {
      "zmin": 0.1,
      "zmax": 0.4,
      "l_deg": 229.99144090882646,
      "b_deg": -10.243938040168254,
      "R0": 0.2390002411218632,
      "A_eff": 0.0008739267151559899,
      "frac": 0.0036565934454868844,
      "cond": 2.6947704407085102,
      "dFR_deg": NaN,
      "dKdS_deg": NaN
    },
    {
      "zmin": 0.4,
      "zmax": 0.7,
      "l_deg": 230.02347102993627,
      "b_deg": -10.259844155615626,
      "R0": 0.2389995840879608,
      "A_eff": 0.000875572716453832,
      "frac": 0.0036634905445341215,
      "cond": 2.6947704407085102,
      "dFR_deg": NaN,
      "dKdS_deg": NaN
    },
    {
      "zmin": 0.7,
      "zmax": 1.0,
      "l_deg": 230.00818495599626,
      "b_deg": -10.225871465435587,
      "R0": 0.23900019080652551,
      "A_eff": 0.0008749511803719772,
      "frac": 0.0036608806772052507,
      "cond": 2.6947704407085102,
      "dFR_deg": NaN,
      "dKdS_deg": NaN
    },
    {
      "zmin": 1.0,
      "zmax": 1.2,
      "l_deg": 230.01270343102883,
      "b_deg": -10.249540185830302,
      "R0": 0.2389995922191095,
      "A_eff": 0.0008755353147198935,
      "frac": 0.0036633339270186797,
      "cond": 2.6947704407085102,
      "dFR_deg": NaN,
      "dKdS_deg": NaN
    }
  ]
}