zmin,zmax,l_deg,b_deg,R0,A_eff,frac,cond,dFR_deg,dKdS_deg
0.1,0.4,230.01102015553897,-10.12159850799944,0.23900020623193963,0.0009215713976591031,0.0038559439432648726,1.8891853917631092,,
0.4,0.7,230.01290826515057,-10.130464363345256,0.23899996028986098,0.0009226517625672487,0.003860468267225859,1.8891853917631092,,
0.7,1.0,230.0114841730476,-10.124181880247635,0.23900013986923502,0.0009220643521956897,0.0038580075840130555,1.8891853917631092,,
1.0,1.2,230.04901195778453,-10.118225048154914,0.23899964185183142,0.0009222344526122197,0.0038587273414575317,1.8891853917631092,,
