{
  "out": "/Users/boyde/.spyder-py3/plamb_runs/SkyMap/figs/sweeps/SM_synth_FR_m30_f8.png",
  "nside": 32,
  "zmin": 0.1,
  "zmax": 1.5,
  "fwhm_deg": 8.0,
  "rbao_mode": "DH/DM",
  "fr_compatible": true,
  "dipole": {
    "l_deg": 230.032493831334,
    "b_deg": -10.183340701235656,
    "R0": 0.23899986945632543,
    "A_eff": 0.0008786555053969755,
    "frac": 0.0036763848758400264,
    "p_perm": 0.0196078431372549,
    "R2": 0.999886342278967,
    "rho": 0.9999431695246318,
    "dFR_deg": null,
    "dKdS_deg": null
  },
  "tomography": [
    {
      "zmin": 0.1,
      "zmax": 0.4,
      "l_deg": 229.99626378461952,
      "b_deg": -10.196096706957048,
      "R0": 0.23900023600545703,
      "A_eff": 0.0008776503701226,
      "frac": 0.003672173654684428,
      "cond": 2.6947704407085102,
      "dFR_deg": NaN,
      "dKdS_deg": NaN
    },
    {
      "zmin": 0.4,
      "zmax": 0.7,
      "l_deg": 230.03081621968664,
      "b_deg": -10.211984788886308,
      "R0": 0.23899968062184188,
      "A_eff": 0.000878997791937525,
      "frac": 0.0036778199437359185,
      "cond": 2.6947704407085102,
      "dFR_deg": NaN,
      "dKdS_deg": NaN
    },
    {
      "zmin": 0.7,
      "zmax": 1.0,
      "l_deg": 230.02202764587528,
      "b_deg": -10.183115166760272,
      "R0": 0.23900011572522595,
      "A_eff": 0.0008785916624115659,
      "frac": 0.0036761139623114935,
      "cond": 2.6947704407085102,
      "dFR_deg": NaN,
      "dKdS_deg": NaN
    },
    {
      "zmin": 1.0,
      "zmax": 1.2,
      "l_deg": 230.01418271408227,
      "b_deg": -10.200563984256041,
      "R0": 0.23899954984857863,
      "A_eff": 0.0008787198066974704,
      "frac": 0.0036766588357768667,
      "cond": 2.6947704407085102,
      "dFR_deg": NaN,
      "dKdS_deg": NaN
    }
  ]
}