zmin,zmax,l_deg,b_deg,R0,A_eff,frac,cond,dFR_deg,dKdS_deg
0.1,0.4,230.01168319919142,-10.004371774812428,0.23900006565031207,0.0009451208332672561,0.003954479387675524,1.0001343290299423,,
0.4,0.7,229.99985142520237,-10.024711146149222,0.23899989411605724,0.0009454149419710104,0.003955712806767694,1.0001343290299423,,
0.7,1.0,229.9990342854549,-10.024760551667256,0.23899990109226643,0.000945445414055415,0.003955840189617584,1.0001343290299423,,
1.0,1.2,230.0116273015029,-10.02859323134603,0.23899966208987192,0.0009453249961892539,0.003955340304346455,1.000591796637756,,
