zmin,zmax,l_deg,b_deg,R0,A_eff,frac,cond,dFR_deg,dKdS_deg
0.1,0.4,229.9950826130406,-10.075216105763372,0.2390001027008569,0.0009383231463926808,0.003926036582365521,1.3450267371596913,,
0.4,0.7,229.9863014769417,-10.098111243610367,0.23899988684126935,0.0009390196881870145,0.003928954530470803,1.3450267371596913,,
0.7,1.0,229.99640876936616,-10.095816716043375,0.2390000352430971,0.0009381763185691517,0.0039254233482220735,1.3450267371596913,,
1.0,1.2,230.0463112957142,-10.091685090006319,0.23899968562117185,0.0009382664569524619,0.003925806239091325,1.3450267371596913,,
