zmin,zmax,l_deg,b_deg,R0,A_eff,frac,cond,dFR_deg,dKdS_deg
0.1,0.4,230.00552013919156,-10.007116660475084,0.23900007692922734,0.0009425588134004206,0.003943759456109008,1.0001343290299423,,
0.4,0.7,229.99571645586852,-10.029985453856334,0.23899992158718275,0.000943015415588377,0.003945672489454698,1.0001343290299423,,
0.7,1.0,230.00030129550095,-10.015986418236913,0.23900000676106217,0.0009428851071563965,0.003945125859762155,1.0001343290299423,,
1.0,1.2,230.0132904284657,-10.00970734989742,0.23899958407264257,0.0009427209121229691,0.003944445827305015,1.0001343290299423,,
