{
  "out": "/Users/boyde/.spyder-py3/plamb_runs/SkyMap/figs/sweeps/SM_synth_FR_m30_f4.png",
  "nside": 32,
  "zmin": 0.1,
  "zmax": 1.5,
  "fwhm_deg": 4.0,
  "rbao_mode": "DH/DM",
  "fr_compatible": true,
  "dipole": {
    "l_deg": 230.02945057732558,
    "b_deg": -10.124304352720749,
    "R0": 0.23899986956474056,
    "A_eff": 0.0008834053773161819,
    "frac": 0.0036962588261031833,
    "p_perm": 0.0196078431372549,
    "R2": 0.9999140345154611,
    "rho": 0.9999570163339327,
    "dFR_deg": null,
    "dKdS_deg": null
  },
  "tomography": [
    {
      "zmin": 0.1,
      "zmax": 0.4,
      "l_deg": 230.00560693665471,
      "b_deg": -10.12723510932963,
      "R0": 0.23900017498540957,
      "A_eff": 0.000882584695940791,
      "frac": 0.003692820291845689,
      "cond": 2.6947704407085102,
      "dFR_deg": NaN,
      "dKdS_deg": NaN
    },
    {
      "zmin": 0.4,
      "zmax": 0.7,
      "l_deg": 230.0389168326181,
      "b_deg": -10.146714457987768,
      "R0": 0.23899982449015075,
      "A_eff": 0.0008835739099071889,
      "frac": 0.003696964681007961,
      "cond": 2.6947704407085102,
      "dFR_deg": NaN,
      "dKdS_deg": NaN
    },
    {
      "zmin": 0.7,
      "zmax": 1.0,
      "l_deg": 230.03583945228016,
      "b_deg": -10.135746871708085,
      "R0": 0.2389999503251315,
      "A_eff": 0.0008834057296964472,
      "frac": 0.003696259051496358,
      "cond": 2.6947704407085102,
      "dFR_deg": NaN,
      "dKdS_deg": NaN
    },
    {
      "zmin": 1.0,
      "zmax": 1.2,
      "l_deg": 229.96370441640116,
      "b_deg": -10.194155095070219,
      "R0": 0.2390002766544102,
      "A_eff": 0.0008825494253311991,
      "frac": 0.003692671145344943,
      "cond": 2.6950903280925846,
      "dFR_deg": NaN,
      "dKdS_deg": NaN
    }
  ]
}