zmin,zmax,l_deg,b_deg,R0,A_eff,frac,cond,dFR_deg,dKdS_deg
0.1,0.4,229.99626378461952,-10.196096706957048,0.23900023600545703,0.0008776503701226,0.003672173654684428,2.6947704407085102,,
0.4,0.7,230.03081621968664,-10.211984788886308,0.23899968062184188,0.000878997791937525,0.0036778199437359185,2.6947704407085102,,
0.7,1.0,230.02202764587528,-10.183115166760272,0.23900011572522595,0.0008785916624115659,0.0036761139623114935,2.6947704407085102,,
1.0,1.2,230.01418271408227,-10.200563984256041,0.23899954984857863,0.0008787198066974704,0.0036766588357768667,2.6947704407085102,,
