{
  "out": "/Users/boyde/.spyder-py3/plamb_runs/SkyMap/figs/sweeps/SM_synth_FR_m0_f10.png",
  "nside": 32,
  "zmin": 0.1,
  "zmax": 1.5,
  "fwhm_deg": 10.0,
  "rbao_mode": "DH/DM",
  "fr_compatible": true,
  "dipole": {
    "l_deg": 230.00126915917474,
    "b_deg": -10.008758429353689,
    "R0": 0.23899986640240645,
    "A_eff": 0.0009409304392818767,
    "frac": 0.003936949645392784,
    "p_perm": 0.0196078431372549,
    "R2": 0.9999745480010511,
    "rho": 0.9999872739195489,
    "dFR_deg": null,
    "dKdS_deg": null
  },
  "tomography": [
    {
      "zmin": 0.1,
      "zmax": 0.4,
      "l_deg": 230.0043084849123,
      "b_deg": -10.006825461251395,
      "R0": 0.23900007527447356,
      "A_eff": 0.0009406149445072166,
      "frac": 0.003935626143326487,
      "cond": 1.0001343290299423,
      "dFR_deg": NaN,
      "dKdS_deg": NaN
    },
    {
      "zmin": 0.4,
      "zmax": 0.7,
      "l_deg": 229.99361290142076,
      "b_deg": -10.032311402363534,
      "R0": 0.2389999531110544,
      "A_eff": 0.0009412034367107368,
      "frac": 0.0039380904659566795,
      "cond": 1.0001343290299423,
      "dFR_deg": NaN,
      "dKdS_deg": NaN
    },
    {
      "zmin": 0.7,
      "zmax": 1.0,
      "l_deg": 230.00377897235708,
      "b_deg": -10.01607981863159,
      "R0": 0.2390000467582077,
      "A_eff": 0.0009409940395561621,
      "frac": 0.003937212784347903,
      "cond": 1.0001343290299423,
      "dFR_deg": NaN,
      "dKdS_deg": NaN
    },
    {
      "zmin": 1.0,
      "zmax": 1.2,
      "l_deg": 230.01130308342084,
      "b_deg": -10.01697770916631,
      "R0": 0.23899956834310565,
      "A_eff": 0.0009408997268190169,
      "frac": 0.003936826050950308,
      "cond": 1.0001343290299423,
      "dFR_deg": NaN,
      "dKdS_deg": NaN
    }
  ]
}