{
  "out": "/Users/boyde/.spyder-py3/plamb_runs/SkyMap/figs/sweeps/SM_synth_FR_m10_f10.png",
  "nside": 32,
  "zmin": 0.1,
  "zmax": 1.5,
  "fwhm_deg": 10.0,
  "rbao_mode": "DH/DM",
  "fr_compatible": true,
  "dipole": {
    "l_deg": 230.01006390149112,
    "b_deg": -10.079061042786156,
    "R0": 0.2389999060175181,
    "A_eff": 0.000938524432537024,
    "frac": 0.003926882015042435,
    "p_perm": 0.0196078431372549,
    "R2": 0.9999459275987669,
    "rho": 0.9999729634338954,
    "dFR_deg": null,
    "dKdS_deg": null
  },
  "tomography": [
    {
      "zmin": 0.1,
      "zmax": 0.4,
      "l_deg": 229.9950826130406,
      "b_deg": -10.075216105763372,
      "R0": 0.2390001027008569,
      "A_eff": 0.0009383231463926808,
      "frac": 0.003926036582365521,
      "cond": 1.3450267371596913,
      "dFR_deg": NaN,
      "dKdS_deg": NaN
    },
    {
      "zmin": 0.4,
      "zmax": 0.7,
      "l_deg": 229.9863014769417,
      "b_deg": -10.098111243610367,
      "R0": 0.23899988684126935,
      "A_eff": 0.0009390196881870145,
      "frac": 0.003928954530470803,
      "cond": 1.3450267371596913,
      "dFR_deg": NaN,
      "dKdS_deg": NaN
    },
    {
      "zmin": 0.7,
      "zmax": 1.0,
      "l_deg": 229.99640876936616,
      "b_deg": -10.095816716043375,
      "R0": 0.2390000352430971,
      "A_eff": 0.0009381763185691517,
      "frac": 0.0039254233482220735,
      "cond": 1.3450267371596913,
      "dFR_deg": NaN,
      "dKdS_deg": NaN
    },
    {
      "zmin": 1.0,
      "zmax": 1.2,
      "l_deg": 230.0463112957142,
      "b_deg": -10.091685090006319,
      "R0": 0.23899968562117185,
      "A_eff": 0.0009382664569524619,
      "frac": 0.003925806239091325,
      "cond": 1.3450267371596913,
      "dFR_deg": NaN,
      "dKdS_deg": NaN
    }
  ]
}