{
  "out": "/Users/boyde/.spyder-py3/plamb_runs/SkyMap/figs/sweeps/SM_synth_FR_m20_f10.png",
  "nside": 32,
  "zmin": 0.1,
  "zmax": 1.5,
  "fwhm_deg": 10.0,
  "rbao_mode": "DH/DM",
  "fr_compatible": true,
  "dipole": {
    "l_deg": 230.0310057173492,
    "b_deg": -10.141482136310428,
    "R0": 0.23900002370155957,
    "A_eff": 0.0009193092565990776,
    "frac": 0.0038464818637299523,
    "p_perm": 0.0196078431372549,
    "R2": 0.9999085313987707,
    "rho": 0.9999542646535247,
    "dFR_deg": null,
    "dKdS_deg": null
  },
  "tomography": [
    {
      "zmin": 0.1,
      "zmax": 0.4,
      "l_deg": 230.0088668613673,
      "b_deg": -10.150080701481055,
      "R0": 0.23900022651520247,
      "A_eff": 0.0009186066888733472,
      "frac": 0.003843538988507678,
      "cond": 1.8891853917631092,
      "dFR_deg": NaN,
      "dKdS_deg": NaN
    },
    {
      "zmin": 0.4,
      "zmax": 0.7,
      "l_deg": 230.0100348122948,
      "b_deg": -10.158788603755223,
      "R0": 0.23899997578767007,
      "A_eff": 0.0009199246671776522,
      "frac": 0.003849057574779515,
      "cond": 1.8891853917631092,
      "dFR_deg": NaN,
      "dKdS_deg": NaN
    },
    {
      "zmin": 0.7,
      "zmax": 1.0,
      "l_deg": 230.01041590863377,
      "b_deg": -10.151505171441668,
      "R0": 0.23900028425112854,
      "A_eff": 0.0009191525927313481,
      "frac": 0.0038458221738579706,
      "cond": 1.8891853917631092,
      "dFR_deg": NaN,
      "dKdS_deg": NaN
    },
    {
      "zmin": 1.0,
      "zmax": 1.2,
      "l_deg": 230.04855678576558,
      "b_deg": -10.150869646776007,
      "R0": 0.23899963006516167,
      "A_eff": 0.0009195149142005901,
      "frac": 0.003847348692338521,
      "cond": 1.8891853917631092,
      "dFR_deg": NaN,
      "dKdS_deg": NaN
    }
  ]
}