{
  "out": "/Users/boyde/.spyder-py3/plamb_runs/SkyMap/figs/sweeps/SM_synth_FR_m10_f4.png",
  "nside": 32,
  "zmin": 0.1,
  "zmax": 1.5,
  "fwhm_deg": 4.0,
  "rbao_mode": "DH/DM",
  "fr_compatible": true,
  "dipole": {
    "l_deg": 230.0115603192325,
    "b_deg": -10.043403540255035,
    "R0": 0.23899989105556715,
    "A_eff": 0.00094407570881787,
    "frac": 0.0039501093688715265,
    "p_perm": 0.0196078431372549,
    "R2": 0.9999509884722917,
    "rho": 0.9999754939358725,
    "dFR_deg": null,
    "dKdS_deg": null
  },
  "tomography": [
    {
      "zmin": 0.1,
      "zmax": 0.4,
      "l_deg": 230.0090673502184,
      "b_deg": -10.03932887668063,
      "R0": 0.23900012736655527,
      "A_eff": 0.0009438318098039397,
      "frac": 0.0039490849657849,
      "cond": 1.3450267371596913,
      "dFR_deg": NaN,
      "dKdS_deg": NaN
    },
    {
      "zmin": 0.4,
      "zmax": 0.7,
      "l_deg": 229.999653734649,
      "b_deg": -10.059348704704725,
      "R0": 0.23899990886385689,
      "A_eff": 0.0009442713301787282,
      "frac": 0.003950927574272088,
      "cond": 1.3450267371596913,
      "dFR_deg": NaN,
      "dKdS_deg": NaN
    },
    {
      "zmin": 0.7,
      "zmax": 1.0,
      "l_deg": 230.00138561856917,
      "b_deg": -10.065028138662031,
      "R0": 0.23899993840619743,
      "A_eff": 0.0009439493671105736,
      "frac": 0.003949579959749883,
      "cond": 1.3454408356309577,
      "dFR_deg": NaN,
      "dKdS_deg": NaN
    },
    {
      "zmin": 1.0,
      "zmax": 1.2,
      "l_deg": 230.02373689296806,
      "b_deg": -10.072659306826061,
      "R0": 0.23899988436048944,
      "A_eff": 0.0009442377830974518,
      "frac": 0.003950787614914636,
      "cond": 1.3455968433590024,
      "dFR_deg": NaN,
      "dKdS_deg": NaN
    }
  ]
}