{
  "out": "/Users/boyde/.spyder-py3/plamb_runs/SkyMap/figs/sweeps/SM_synth_FR_m10_f6.png",
  "nside": 32,
  "zmin": 0.1,
  "zmax": 1.5,
  "fwhm_deg": 6.0,
  "rbao_mode": "DH/DM",
  "fr_compatible": true,
  "dipole": {
    "l_deg": 230.01128768481388,
    "b_deg": -10.051489056384977,
    "R0": 0.23899989676714933,
    "A_eff": 0.0009427633787203816,
    "frac": 0.003944618351190706,
    "p_perm": 0.0196078431372549,
    "R2": 0.9999601012338132,
    "rho": 0.9999800504179134,
    "dFR_deg": null,
    "dKdS_deg": null
  },
  "tomography": [
    {
      "zmin": 0.1,
      "zmax": 0.4,
      "l_deg": 230.00396227700637,
      "b_deg": -10.049456460057836,
      "R0": 0.23900014021128732,
      "A_eff": 0.000942559118374225,
      "frac": 0.003943759687927206,
      "cond": 1.3450267371596913,
      "dFR_deg": NaN,
      "dKdS_deg": NaN
    },
    {
      "zmin": 0.4,
      "zmax": 0.7,
      "l_deg": 229.99356415085472,
      "b_deg": -10.068510917475079,
      "R0": 0.23899988776671335,
      "A_eff": 0.0009430325454844245,
      "frac": 0.003945744721039007,
      "cond": 1.3450267371596913,
      "dFR_deg": NaN,
      "dKdS_deg": NaN
    },
    {
      "zmin": 0.7,
      "zmax": 1.0,
      "l_deg": 229.99665883951866,
      "b_deg": -10.067241658268385,
      "R0": 0.23899992371777287,
      "A_eff": 0.0009425364515441065,
      "frac": 0.003943668419982915,
      "cond": 1.3450267371596913,
      "dFR_deg": NaN,
      "dKdS_deg": NaN
    },
    {
      "zmin": 1.0,
      "zmax": 1.2,
      "l_deg": 230.04223019475398,
      "b_deg": -10.050159005534471,
      "R0": 0.23899967922657353,
      "A_eff": 0.0009424626991910037,
      "frac": 0.003943363866599762,
      "cond": 1.3450267371596913,
      "dFR_deg": NaN,
      "dKdS_deg": NaN
    }
  ]
}