zmin,zmax,l_deg,b_deg,R0,A_eff,frac,cond,dFR_deg,dKdS_deg
0.1,0.4,230.0088668613673,-10.150080701481055,0.23900022651520247,0.0009186066888733472,0.003843538988507678,1.8891853917631092,,
0.4,0.7,230.0100348122948,-10.158788603755223,0.23899997578767007,0.0009199246671776522,0.003849057574779515,1.8891853917631092,,
0.7,1.0,230.01041590863377,-10.151505171441668,0.23900028425112854,0.0009191525927313481,0.0038458221738579706,1.8891853917631092,,
1.0,1.2,230.04855678576558,-10.150869646776007,0.23899963006516167,0.0009195149142005901,0.003847348692338521,1.8891853917631092,,
