zmin,zmax,l_deg,b_deg,R0,A_eff,frac,cond,dFR_deg,dKdS_deg
0.1,0.4,230.0133330882841,-10.098539700389836,0.23900019282252727,0.0009238690992019975,0.003865557965838248,1.8891853917631092,,
0.4,0.7,230.0160115651821,-10.108796800026301,0.2389999398227781,0.0009247499578342517,0.0038692476597273085,1.8891853917631092,,
0.7,1.0,230.01333448609302,-10.105265626924854,0.2390000240950798,0.0009242961717569327,0.0038673476090915625,1.8891853917631092,,
1.0,1.2,230.04917764100165,-10.093523967885373,0.238999640738897,0.0009243219058245511,0.0038674614864143532,1.8891853917631092,,
