{
  "out": "/Users/boyde/.spyder-py3/plamb_runs/SkyMap/figs/sweeps/SM_synth_FR_m20_f8.png",
  "nside": 32,
  "zmin": 0.1,
  "zmax": 1.5,
  "fwhm_deg": 8.0,
  "rbao_mode": "DH/DM",
  "fr_compatible": true,
  "dipole": {
    "l_deg": 230.02830271910685,
    "b_deg": -10.114791084562059,
    "R0": 0.23899998742734366,
    "A_eff": 0.0009221597417599777,
    "frac": 0.0038584091643114236,
    "p_perm": 0.0196078431372549,
    "R2": 0.9999312535362623,
    "rho": 0.9999656261773511,
    "dFR_deg": null,
    "dKdS_deg": null
  },
  "tomography": [
    {
      "zmin": 0.1,
      "zmax": 0.4,
      "l_deg": 230.01102015553897,
      "b_deg": -10.12159850799944,
      "R0": 0.23900020623193963,
      "A_eff": 0.0009215713976591031,
      "frac": 0.0038559439432648726,
      "cond": 1.8891853917631092,
      "dFR_deg": NaN,
      "dKdS_deg": NaN
    },
    {
      "zmin": 0.4,
      "zmax": 0.7,
      "l_deg": 230.01290826515057,
      "b_deg": -10.130464363345256,
      "R0": 0.23899996028986098,
      "A_eff": 0.0009226517625672487,
      "frac": 0.003860468267225859,
      "cond": 1.8891853917631092,
      "dFR_deg": NaN,
      "dKdS_deg": NaN
    },
    {
      "zmin": 0.7,
      "zmax": 1.0,
      "l_deg": 230.0114841730476,
      "b_deg": -10.124181880247635,
      "R0": 0.23900013986923502,
      "A_eff": 0.0009220643521956897,
      "frac": 0.0038580075840130555,
      "cond": 1.8891853917631092,
      "dFR_deg": NaN,
      "dKdS_deg": NaN
    },
    {
      "zmin": 1.0,
      "zmax": 1.2,
      "l_deg": 230.04901195778453,
      "b_deg": -10.118225048154914,
      "R0": 0.23899964185183142,
      "A_eff": 0.0009222344526122197,
      "frac": 0.0038587273414575317,
      "cond": 1.8891853917631092,
      "dFR_deg": NaN,
      "dKdS_deg": NaN
    }
  ]
}