{
  "out": "/Users/boyde/.spyder-py3/plamb_runs/SkyMap/figs/sweeps/SM_synth_FR_m0_f4.png",
  "nside": 32,
  "zmin": 0.1,
  "zmax": 1.5,
  "fwhm_deg": 4.0,
  "rbao_mode": "DH/DM",
  "fr_compatible": true,
  "dipole": {
    "l_deg": 230.0022173750098,
    "b_deg": -10.008102000817036,
    "R0": 0.23899983887892207,
    "A_eff": 0.0009453502579738165,
    "frac": 0.0039554430764814595,
    "p_perm": 0.0196078431372549,
    "R2": 0.9999591802342414,
    "rho": 0.9999795899088348,
    "dFR_deg": null,
    "dKdS_deg": null
  },
  "tomography": [
    {
      "zmin": 0.1,
      "zmax": 0.4,
      "l_deg": 230.01168319919142,
      "b_deg": -10.004371774812428,
      "R0": 0.23900006565031207,
      "A_eff": 0.0009451208332672561,
      "frac": 0.003954479387675524,
      "cond": 1.0001343290299423,
      "dFR_deg": NaN,
      "dKdS_deg": NaN
    },
    {
      "zmin": 0.4,
      "zmax": 0.7,
      "l_deg": 229.99985142520237,
      "b_deg": -10.024711146149222,
      "R0": 0.23899989411605724,
      "A_eff": 0.0009454149419710104,
      "frac": 0.003955712806767694,
      "cond": 1.0001343290299423,
      "dFR_deg": NaN,
      "dKdS_deg": NaN
    },
    {
      "zmin": 0.7,
      "zmax": 1.0,
      "l_deg": 229.9990342854549,
      "b_deg": -10.024760551667256,
      "R0": 0.23899990109226643,
      "A_eff": 0.000945445414055415,
      "frac": 0.003955840189617584,
      "cond": 1.0001343290299423,
      "dFR_deg": NaN,
      "dKdS_deg": NaN
    },
    {
      "zmin": 1.0,
      "zmax": 1.2,
      "l_deg": 230.0116273015029,
      "b_deg": -10.02859323134603,
      "R0": 0.23899966208987192,
      "A_eff": 0.0009453249961892539,
      "frac": 0.003955340304346455,
      "cond": 1.000591796637756,
      "dFR_deg": NaN,
      "dKdS_deg": NaN
    }
  ]
}