{
  "out": "/Users/boyde/.spyder-py3/plamb_runs/SkyMap/figs/sweeps/SM_synth_FR_m10_f8.png",
  "nside": 32,
  "zmin": 0.1,
  "zmax": 1.5,
  "fwhm_deg": 8.0,
  "rbao_mode": "DH/DM",
  "fr_compatible": true,
  "dipole": {
    "l_deg": 230.01066097775043,
    "b_deg": -10.063261545374992,
    "R0": 0.23899990113807962,
    "A_eff": 0.0009409132618871277,
    "frac": 0.003936877201231666,
    "p_perm": 0.0196078431372549,
    "R2": 0.999955921684685,
    "rho": 0.9999779605994751,
    "dFR_deg": null,
    "dKdS_deg": null
  },
  "tomography": [
    {
      "zmin": 0.1,
      "zmax": 0.4,
      "l_deg": 229.99913710775135,
      "b_deg": -10.060904211207667,
      "R0": 0.23900012388480701,
      "A_eff": 0.0009407181787313339,
      "frac": 0.003936057284994296,
      "cond": 1.3450267371596913,
      "dFR_deg": NaN,
      "dKdS_deg": NaN
    },
    {
      "zmin": 0.4,
      "zmax": 0.7,
      "l_deg": 229.99019183105582,
      "b_deg": -10.081378856777627,
      "R0": 0.23899988615899884,
      "A_eff": 0.0009412821334249303,
      "frac": 0.0039384208442623525,
      "cond": 1.3450267371596913,
      "dFR_deg": NaN,
      "dKdS_deg": NaN
    },
    {
      "zmin": 0.7,
      "zmax": 1.0,
      "l_deg": 229.99594218044294,
      "b_deg": -10.0785623848143,
      "R0": 0.23899997757439514,
      "A_eff": 0.0009406407247502305,
      "frac": 0.003935735619294905,
      "cond": 1.3450267371596913,
      "dFR_deg": NaN,
      "dKdS_deg": NaN
    },
    {
      "zmin": 1.0,
      "zmax": 1.2,
      "l_deg": 230.04423241070054,
      "b_deg": -10.067973793773032,
      "R0": 0.23899969052759165,
      "A_eff": 0.0009406462091476712,
      "frac": 0.003935763293547349,
      "cond": 1.3450267371596913,
      "dFR_deg": NaN,
      "dKdS_deg": NaN
    }
  ]
}