zmin,zmax,l_deg,b_deg,R0,A_eff,frac,cond,dFR_deg,dKdS_deg
0.1,0.4,229.99913710775135,-10.060904211207667,0.23900012388480701,0.0009407181787313339,0.003936057284994296,1.3450267371596913,,
0.4,0.7,229.99019183105582,-10.081378856777627,0.23899988615899884,0.0009412821334249303,0.0039384208442623525,1.3450267371596913,,
0.7,1.0,229.99594218044294,-10.0785623848143,0.23899997757439514,0.0009406407247502305,0.003935735619294905,1.3450267371596913,,
1.0,1.2,230.04423241070054,-10.067973793773032,0.23899969052759165,0.0009406462091476712,0.003935763293547349,1.3450267371596913,,
