zmin,zmax,l_deg,b_deg,R0,A_eff,frac,cond,dFR_deg,dKdS_deg
0.1,0.4,230.00771052441564,-10.006511598226004,0.239000074993725,0.0009440605423050906,0.003950042870613648,1.0001343290299423,,
0.4,0.7,229.99737895558545,-10.027468623421399,0.23899989960101042,0.0009444302801634792,0.0039515927903740694,1.0001343290299423,,
0.7,1.0,229.99796765218028,-10.01718774005969,0.2389999692399254,0.0009443493733113889,0.003951253116536525,1.0001343290299423,,
1.0,1.2,230.01446703718346,-10.003703783451526,0.23899958753937592,0.0009441262597887281,0.003950325895994194,1.0001343290299423,,
