zmin,zmax,l_deg,b_deg,R0,A_eff,frac,cond,dFR_deg,dKdS_deg
0.1,0.4,230.0090673502184,-10.03932887668063,0.23900012736655527,0.0009438318098039397,0.0039490849657849,1.3450267371596913,,
0.4,0.7,229.999653734649,-10.059348704704725,0.23899990886385689,0.0009442713301787282,0.003950927574272088,1.3450267371596913,,
0.7,1.0,230.00138561856917,-10.065028138662031,0.23899993840619743,0.0009439493671105736,0.003949579959749883,1.3454408356309577,,
1.0,1.2,230.02373689296806,-10.072659306826061,0.23899988436048944,0.0009442377830974518,0.003950787614914636,1.3455968433590024,,
