zmin,zmax,l_deg,b_deg,R0,A_eff,frac,cond,dFR_deg,dKdS_deg
0.1,0.4,230.00195243484748,-10.158322155933977,0.23900021280675637,0.0008805561575409146,0.0036843321066533452,2.6947704407085102,,
0.4,0.7,230.03365879438715,-10.174161488611544,0.23899976185558566,0.0008816854669870481,0.0036890642071844486,2.6947704407085102,,
0.7,1.0,230.032128236021,-10.152404698940305,0.23900004576837092,0.0008814204768850724,0.00368795107988937,2.6947704407085102,,
1.0,1.2,230.0159795583434,-10.162892000443229,0.23899952859826074,0.0008812147108900519,0.003687098112947762,2.6947704407085102,,
