{
  "out": "/Users/boyde/.spyder-py3/plamb_runs/SkyMap/figs/sweeps/SM_synth_FR_m0_f8.png",
  "nside": 32,
  "zmin": 0.1,
  "zmax": 1.5,
  "fwhm_deg": 8.0,
  "rbao_mode": "DH/DM",
  "fr_compatible": true,
  "dipole": {
    "l_deg": 230.00162932733838,
    "b_deg": -10.008550200201764,
    "R0": 0.23899985669426613,
    "A_eff": 0.0009428245901827659,
    "frac": 0.00394487512764013,
    "p_perm": 0.0196078431372549,
    "R2": 0.9999731813699407,
    "rho": 0.9999865905950643,
    "dFR_deg": null,
    "dKdS_deg": null
  },
  "tomography": [
    {
      "zmin": 0.1,
      "zmax": 0.4,
      "l_deg": 230.00552013919156,
      "b_deg": -10.007116660475084,
      "R0": 0.23900007692922734,
      "A_eff": 0.0009425588134004206,
      "frac": 0.003943759456109008,
      "cond": 1.0001343290299423,
      "dFR_deg": NaN,
      "dKdS_deg": NaN
    },
    {
      "zmin": 0.4,
      "zmax": 0.7,
      "l_deg": 229.99571645586852,
      "b_deg": -10.029985453856334,
      "R0": 0.23899992158718275,
      "A_eff": 0.000943015415588377,
      "frac": 0.003945672489454698,
      "cond": 1.0001343290299423,
      "dFR_deg": NaN,
      "dKdS_deg": NaN
    },
    {
      "zmin": 0.7,
      "zmax": 1.0,
      "l_deg": 230.00030129550095,
      "b_deg": -10.015986418236913,
      "R0": 0.23900000676106217,
      "A_eff": 0.0009428851071563965,
      "frac": 0.003945125859762155,
      "cond": 1.0001343290299423,
      "dFR_deg": NaN,
      "dKdS_deg": NaN
    },
    {
      "zmin": 1.0,
      "zmax": 1.2,
      "l_deg": 230.0132904284657,
      "b_deg": -10.00970734989742,
      "R0": 0.23899958407264257,
      "A_eff": 0.0009427209121229691,
      "frac": 0.003944445827305015,
      "cond": 1.0001343290299423,
      "dFR_deg": NaN,
      "dKdS_deg": NaN
    }
  ]
}