zmin,zmax,l_deg,b_deg,R0,A_eff,frac,cond,dFR_deg,dKdS_deg
0.1,0.4,230.00560693665471,-10.12723510932963,0.23900017498540957,0.000882584695940791,0.003692820291845689,2.6947704407085102,,
0.4,0.7,230.0389168326181,-10.146714457987768,0.23899982449015075,0.0008835739099071889,0.003696964681007961,2.6947704407085102,,
0.7,1.0,230.03583945228016,-10.135746871708085,0.2389999503251315,0.0008834057296964472,0.003696259051496358,2.6947704407085102,,
1.0,1.2,229.96370441640116,-10.194155095070219,0.2390002766544102,0.0008825494253311991,0.003692671145344943,2.6950903280925846,,
