zmin,zmax,l_deg,b_deg,R0,A_eff,frac,cond,dFR_deg,dKdS_deg
0.1,0.4,230.01646920287448,-10.079388750526697,0.23900016632603874,0.0009255050046552459,0.0038724031823170048,1.8891853917631092,,
0.4,0.7,230.0202875692953,-10.09269001702209,0.23899993767552358,0.0009262259990976643,0.0038754236009682476,1.8891853917631092,,
0.7,1.0,230.01356321313293,-10.10129452139218,0.2389999033104269,0.0009258926032673287,0.003874029196006518,1.8891853917631092,,
1.0,1.2,230.07217965288103,-10.078352621551257,0.2390003424141565,0.0009277690570479353,0.0038818733382407974,1.890540286575502,,
