zmin,zmax,l_deg,b_deg,R0,A_eff,frac,cond,dFR_deg,dKdS_deg
0.1,0.4,230.0043084849123,-10.006825461251395,0.23900007527447356,0.0009406149445072166,0.003935626143326487,1.0001343290299423,,
0.4,0.7,229.99361290142076,-10.032311402363534,0.2389999531110544,0.0009412034367107368,0.0039380904659566795,1.0001343290299423,,
0.7,1.0,230.00377897235708,-10.01607981863159,0.2390000467582077,0.0009409940395561621,0.003937212784347903,1.0001343290299423,,
1.0,1.2,230.01130308342084,-10.01697770916631,0.23899956834310565,0.0009408997268190169,0.003936826050950308,1.0001343290299423,,
