{
  "out": "/Users/boyde/.spyder-py3/plamb_runs/SkyMap/figs/sweeps/SM_synth_FR_m30_f6.png",
  "nside": 32,
  "zmin": 0.1,
  "zmax": 1.5,
  "fwhm_deg": 6.0,
  "rbao_mode": "DH/DM",
  "fr_compatible": true,
  "dipole": {
    "l_deg": 230.0311291917831,
    "b_deg": -10.149084405973728,
    "R0": 0.23899986771627463,
    "A_eff": 0.0008814141798618293,
    "frac": 0.00368792747997747,
    "p_perm": 0.0196078431372549,
    "R2": 0.999915533714761,
    "rho": 0.9999577659655237,
    "dFR_deg": null,
    "dKdS_deg": null
  },
  "tomography": [
    {
      "zmin": 0.1,
      "zmax": 0.4,
      "l_deg": 230.00195243484748,
      "b_deg": -10.158322155933977,
      "R0": 0.23900021280675637,
      "A_eff": 0.0008805561575409146,
      "frac": 0.0036843321066533452,
      "cond": 2.6947704407085102,
      "dFR_deg": NaN,
      "dKdS_deg": NaN
    },
    {
      "zmin": 0.4,
      "zmax": 0.7,
      "l_deg": 230.03365879438715,
      "b_deg": -10.174161488611544,
      "R0": 0.23899976185558566,
      "A_eff": 0.0008816854669870481,
      "frac": 0.0036890642071844486,
      "cond": 2.6947704407085102,
      "dFR_deg": NaN,
      "dKdS_deg": NaN
    },
    {
      "zmin": 0.7,
      "zmax": 1.0,
      "l_deg": 230.032128236021,
      "b_deg": -10.152404698940305,
      "R0": 0.23900004576837092,
      "A_eff": 0.0008814204768850724,
      "frac": 0.00368795107988937,
      "cond": 2.6947704407085102,
      "dFR_deg": NaN,
      "dKdS_deg": NaN
    },
    {
      "zmin": 1.0,
      "zmax": 1.2,
      "l_deg": 230.0159795583434,
      "b_deg": -10.162892000443229,
      "R0": 0.23899952859826074,
      "A_eff": 0.0008812147108900519,
      "frac": 0.003687098112947762,
      "cond": 2.6947704407085102,
      "dFR_deg": NaN,
      "dKdS_deg": NaN
    }
  ]
}