zmin,zmax,l_deg,b_deg,R0,A_eff,frac,cond,dFR_deg,dKdS_deg
0.1,0.4,230.00396227700637,-10.049456460057836,0.23900014021128732,0.000942559118374225,0.003943759687927206,1.3450267371596913,,
0.4,0.7,229.99356415085472,-10.068510917475079,0.23899988776671335,0.0009430325454844245,0.003945744721039007,1.3450267371596913,,
0.7,1.0,229.99665883951866,-10.067241658268385,0.23899992371777287,0.0009425364515441065,0.003943668419982915,1.3450267371596913,,
1.0,1.2,230.04223019475398,-10.050159005534471,0.23899967922657353,0.0009424626991910037,0.003943363866599762,1.3450267371596913,,
