zmin,zmax,l_deg,b_deg,R0,A_eff,frac,cond,dFR_deg,dKdS_deg
0.1,0.4,229.99144090882646,-10.243938040168254,0.2390002411218632,0.0008739267151559899,0.0036565934454868844,2.6947704407085102,,
0.4,0.7,230.02347102993627,-10.259844155615626,0.2389995840879608,0.000875572716453832,0.0036634905445341215,2.6947704407085102,,
0.7,1.0,230.00818495599626,-10.225871465435587,0.23900019080652551,0.0008749511803719772,0.0036608806772052507,2.6947704407085102,,
1.0,1.2,230.01270343102883,-10.249540185830302,0.2389995922191095,0.0008755353147198935,0.0036633339270186797,2.6947704407085102,,
