{
  "out": "/Users/boyde/.spyder-py3/plamb_runs/SkyMap/figs/sweeps/SM_synth_FR_m0_f6.png",
  "nside": 32,
  "zmin": 0.1,
  "zmax": 1.5,
  "fwhm_deg": 6.0,
  "rbao_mode": "DH/DM",
  "fr_compatible": true,
  "dipole": {
    "l_deg": 230.0019072218743,
    "b_deg": -10.008341032394412,
    "R0": 0.23899984768579915,
    "A_eff": 0.000944298804003905,
    "frac": 0.0039510435389286365,
    "p_perm": 0.0196078431372549,
    "R2": 0.9999706069846774,
    "rho": 0.9999853033843435,
    "dFR_deg": null,
    "dKdS_deg": null
  },
  "tomography": [
    {
      "zmin": 0.1,
      "zmax": 0.4,
      "l_deg": 230.00771052441564,
      "b_deg": -10.006511598226004,
      "R0": 0.239000074993725,
      "A_eff": 0.0009440605423050906,
      "frac": 0.003950042870613648,
      "cond": 1.0001343290299423,
      "dFR_deg": NaN,
      "dKdS_deg": NaN
    },
    {
      "zmin": 0.4,
      "zmax": 0.7,
      "l_deg": 229.99737895558545,
      "b_deg": -10.027468623421399,
      "R0": 0.23899989960101042,
      "A_eff": 0.0009444302801634792,
      "frac": 0.0039515927903740694,
      "cond": 1.0001343290299423,
      "dFR_deg": NaN,
      "dKdS_deg": NaN
    },
    {
      "zmin": 0.7,
      "zmax": 1.0,
      "l_deg": 229.99796765218028,
      "b_deg": -10.01718774005969,
      "R0": 0.2389999692399254,
      "A_eff": 0.0009443493733113889,
      "frac": 0.003951253116536525,
      "cond": 1.0001343290299423,
      "dFR_deg": NaN,
      "dKdS_deg": NaN
    },
    {
      "zmin": 1.0,
      "zmax": 1.2,
      "l_deg": 230.01446703718346,
      "b_deg": -10.003703783451526,
      "R0": 0.23899958753937592,
      "A_eff": 0.0009441262597887281,
      "frac": 0.003950325895994194,
      "cond": 1.0001343290299423,
      "dFR_deg": NaN,
      "dKdS_deg": NaN
    }
  ]
}