{
  "out": "/Users/boyde/.spyder-py3/plamb_runs/SkyMap/figs/sweeps/SM_synth_FR_m20_f4.png",
  "nside": 32,
  "zmin": 0.1,
  "zmax": 1.5,
  "fwhm_deg": 4.0,
  "rbao_mode": "DH/DM",
  "fr_compatible": true,
  "dipole": {
    "l_deg": 230.0260660957919,
    "b_deg": -10.079701658385803,
    "R0": 0.23899992599627123,
    "A_eff": 0.0009259814512321357,
    "frac": 0.003874400577205963,
    "p_perm": 0.0196078431372549,
    "R2": 0.9999393318830186,
    "rho": 0.9999696654814181,
    "dFR_deg": null,
    "dKdS_deg": null
  },
  "tomography": [
    {
      "zmin": 0.1,
      "zmax": 0.4,
      "l_deg": 230.01646920287448,
      "b_deg": -10.079388750526697,
      "R0": 0.23900016632603874,
      "A_eff": 0.0009255050046552459,
      "frac": 0.0038724031823170048,
      "cond": 1.8891853917631092,
      "dFR_deg": NaN,
      "dKdS_deg": NaN
    },
    {
      "zmin": 0.4,
      "zmax": 0.7,
      "l_deg": 230.0202875692953,
      "b_deg": -10.09269001702209,
      "R0": 0.23899993767552358,
      "A_eff": 0.0009262259990976643,
      "frac": 0.0038754236009682476,
      "cond": 1.8891853917631092,
      "dFR_deg": NaN,
      "dKdS_deg": NaN
    },
    {
      "zmin": 0.7,
      "zmax": 1.0,
      "l_deg": 230.01356321313293,
      "b_deg": -10.10129452139218,
      "R0": 0.2389999033104269,
      "A_eff": 0.0009258926032673287,
      "frac": 0.003874029196006518,
      "cond": 1.8891853917631092,
      "dFR_deg": NaN,
      "dKdS_deg": NaN
    },
    {
      "zmin": 1.0,
      "zmax": 1.2,
      "l_deg": 230.07217965288103,
      "b_deg": -10.078352621551257,
      "R0": 0.2390003424141565,
      "A_eff": 0.0009277690570479353,
      "frac": 0.0038818733382407974,
      "cond": 1.890540286575502,
      "dFR_deg": NaN,
      "dKdS_deg": NaN
    }
  ]
}