measurement_id,classification,z,model,predicted_DM_over_rd,predicted_DH_over_rd,native_grid_best_DM,native_grid_best_DH,inside_grid,delta_chi2_native,wilks_p_2d,HPD_tail_mass
eBOSS_DR16_native_auto,external_survey_native_likelihood_control,2.334,PLAMB_frozen_lower_z,40.12546073053752,8.79333009943941,37.763371428571425,8.917058775510204,True,2.2467132177803726,0.3251864369772718,0.3334706750005495
eBOSS_DR16_native_auto,external_survey_native_likelihood_control,2.334,LambdaCDM_frozen_lower_z,38.69060095765601,8.471259373931893,37.763371428571425,8.917058775510204,True,3.1459799291551382,0.20742406365542473,0.21696670845762275
eBOSS_DR16_native_cross,external_survey_native_likelihood_control,2.334,PLAMB_frozen_lower_z,40.12546073053752,8.79333009943941,37.44334285714286,9.057484897959185,True,3.0742571843457136,0.21499756163037495,0.22814479343887764
eBOSS_DR16_native_cross,external_survey_native_likelihood_control,2.334,LambdaCDM_frozen_lower_z,38.69060095765601,8.471259373931893,37.44334285714286,9.057484897959185,True,4.868426649490855,0.08766668514040706,0.09703699166508802
eBOSS_DR16_native_combined,external_survey_native_likelihood_control,2.334,PLAMB_frozen_lower_z,40.12546073053752,8.79333009943941,37.44334285714286,8.987271836734696,True,5.166185245876085,0.07554002558991839,0.07981595524891492
eBOSS_DR16_native_combined,external_survey_native_likelihood_control,2.334,LambdaCDM_frozen_lower_z,38.69060095765601,8.471259373931893,37.44334285714286,8.987271836734696,True,7.859621422395994,0.019647391232250865,0.020907678885558393
