{
  "p_SN_trained": 0.7974289182506187,
  "omega_m_LambdaCDM_lower_z_joint": 0.318483845203855,
  "q_LambdaCDM_lower_z_joint": 29.93160152631414,
  "b_perpendicular_equivalent": 1.0304384286492672,
  "b_parallel_equivalent": 1.8046060815408966,
  "delta_b_equivalent": 0.7741676528916295,
  "q_PLAMB_equivalent": 30.500825131022612,
  "chi2_PLAMB_to_LambdaCDM_geometry_best": 4.534951117668431,
  "dof_geometry_vector_minus_profiled_parameters": 10,
  "goodness_p_geometry": 0.9200056212958674,
  "chi2_at_full_data_fitted_powers": 10.30391454603048,
  "q_at_full_data_fitted_powers": 30.101685808276578,
  "chi2_at_lower_z_fitted_powers": 28.74282903336195,
  "q_at_lower_z_fitted_powers": 29.568342605231607,
  "full_data_b_perpendicular": 1.016666951394917,
  "full_data_b_parallel": 1.7786682382739898,
  "equivalent_minus_data_parameter_distance_sigma": 2.4160766337026542,
  "maximum_absolute_fractional_geometry_difference": 0.014853006574198968,
  "RMS_fractional_geometry_difference": 0.0068503795521952845,
  "optimisation_success": true,
  "optimisation_message": "CONVERGENCE: RELATIVE REDUCTION OF F <= FACTR*EPSMCH",
  "data_hessian_positive_definite": true
}