z,pointwise_b_perpendicular,pointwise_b_parallel,pointwise_delta_b,local_derivative_b_perpendicular,local_derivative_b_parallel
0.51,1.027906224968439,1.8297930934958129,0.8018868685273739,0.9949627748289142,1.7258782857049437
0.706,1.0223358542201582,1.808153900542751,0.7858180463225928,1.01253324739704,1.7462723555670123
0.934,1.0223161797509983,1.7989298278204267,0.7766136480694283,1.0319445546975787,1.7730785887120137
1.321,1.0273264762666094,1.797064913626987,0.7697384373603775,1.0582787417192674,1.8052869111814993
1.484,1.0299607506753783,1.7979940805005123,0.7680333298251341,1.0668768442541303,1.81337516668904
2.33,1.04269455528499,1.803830830417754,0.7611362751327639,1.095259061699858,1.8248416476401186
