{
  "out": "/Users/boyde/.spyder-py3/plamb_runs/SkyMap/figs/quickgrid/SM_ns64_s8_mask20_kds_only_inj.png",
  "nside": 64,
  "zmin": 0.1,
  "zmax": 1.2,
  "fwhm_deg": 8.0,
  "rbao_mode": "DH_over_rd/DM_over_rd",
  "fr_compatible": false,
  "dipole": {
    "l_deg": 137.75518100816078,
    "b_deg": 45.42001607340305,
    "R0": 0.23900933615098985,
    "A_eff": 0.0024570177908142705,
    "frac": 0.010280007594607492,
    "p_perm": 0.000999000999000999,
    "R2": 0.10499366948418964,
    "rho": 0.32402726657519104,
    "dFR_deg": null,
    "dKdS_deg": 77.12777858621567
  },
  "tomography": [
    {
      "zmin": 0.4,
      "zmax": 0.7,
      "l_deg": 237.6659241879045,
      "b_deg": -26.66050239394691,
      "R0": 0.24316336031989677,
      "A_eff": 0.0009458618716214846,
      "frac": 0.003889820696576752,
      "cond": 16.62344584565193,
      "dFR_deg": NaN,
      "dKdS_deg": 82.24105893640875
    },
    {
      "zmin": 0.7,
      "zmax": 1.0,
      "l_deg": 26.093970913258822,
      "b_deg": -39.94103342484892,
      "R0": 0.2390916838509616,
      "A_eff": 0.0007088400298615108,
      "frac": 0.002964720555915981,
      "cond": 12.486717919803567,
      "dFR_deg": NaN,
      "dKdS_deg": 73.99218297611903
    },
    {
      "zmin": 1.0,
      "zmax": 1.2,
      "l_deg": 174.38624444124372,
      "b_deg": -37.53421439301169,
      "R0": 0.23234754197390228,
      "A_eff": 0.0008962966259942972,
      "frac": 0.0038575687884616007,
      "cond": 17.284363881549677,
      "dFR_deg": NaN,
      "dKdS_deg": 45.2088926954269
    }
  ]
}