{
  "out": "/Users/boyde/.spyder-py3/plamb_runs/SkyMap/figs/quickgrid/SM_ns64_s6_mask20_bins5_inj.png",
  "nside": 64,
  "zmin": 0.1,
  "zmax": 1.2,
  "fwhm_deg": 6.0,
  "rbao_mode": "DH_over_rd/DM_over_rd",
  "fr_compatible": false,
  "dipole": {
    "l_deg": 134.58720115440195,
    "b_deg": 47.04853946000506,
    "R0": 0.23904959786194716,
    "A_eff": 0.0024062568411504824,
    "frac": 0.010065931349276367,
    "p_perm": 0.000999000999000999,
    "R2": 0.0687351809465172,
    "rho": 0.2621739516933692,
    "dFR_deg": 75.25848500961928,
    "dKdS_deg": 78.16440146251637
  },
  "tomography": [
    {
      "zmin": 0.5,
      "zmax": 0.7,
      "l_deg": 236.16352076169488,
      "b_deg": -24.27664382481678,
      "R0": 0.24315065195992436,
      "A_eff": 0.000924660240200167,
      "frac": 0.0038028285457880158,
      "cond": 18.967986507454373,
      "dFR_deg": 76.47679497655001,
      "dKdS_deg": 81.80621809536008
    },
    {
      "zmin": 0.7,
      "zmax": 0.9,
      "l_deg": 33.18540711627895,
      "b_deg": -31.015865488526345,
      "R0": 0.23909217436453564,
      "A_eff": 0.0006418184475085979,
      "frac": 0.0026843975517577556,
      "cond": 16.072344342667236,
      "dFR_deg": 41.81895255485699,
      "dKdS_deg": 72.60965607209147
    },
    {
      "zmin": 0.9,
      "zmax": 1.2,
      "l_deg": 172.59885420560855,
      "b_deg": -30.973289987276296,
      "R0": 0.2323483601850266,
      "A_eff": 0.0009044262300604475,
      "frac": 0.0038925440633203663,
      "cond": 22.024632973873935,
      "dFR_deg": 66.64172000965203,
      "dKdS_deg": 44.900819192276515
    }
  ]
}