{
  "out": "/Users/boyde/.spyder-py3/plamb_runs/SkyMap/figs/quickgrid/SM_ns64_s6_mask20_bins5.png",
  "nside": 64,
  "zmin": 0.1,
  "zmax": 1.2,
  "fwhm_deg": 6.0,
  "rbao_mode": "DH_over_rd/DM_over_rd",
  "fr_compatible": false,
  "dipole": {
    "l_deg": 115.11468984001635,
    "b_deg": 45.318977806454875,
    "R0": 0.23906369129756758,
    "A_eff": 0.0025223774699532973,
    "frac": 0.010551068864797378,
    "p_perm": 0.000999000999000999,
    "R2": 0.07433599635743704,
    "rho": 0.27264628432721566,
    "dFR_deg": 82.78551019011438,
    "dKdS_deg": 75.44996799018409
  },
  "tomography": [
    {
      "zmin": 0.5,
      "zmax": 0.7,
      "l_deg": 236.88505351678637,
      "b_deg": -31.665545267931442,
      "R0": 0.24316782758145594,
      "A_eff": 0.0007105550798870404,
      "frac": 0.002922076851013607,
      "cond": 18.967986507454373,
      "dFR_deg": 83.29250356752321,
      "dKdS_deg": 85.93793288293668
    },
    {
      "zmin": 0.7,
      "zmax": 0.9,
      "l_deg": 41.0322529654208,
      "b_deg": -15.881670892594379,
      "R0": 0.23910041241440516,
      "A_eff": 0.0010284076865243728,
      "frac": 0.0043011539634735235,
      "cond": 16.072344342667236,
      "dFR_deg": 47.60010426126021,
      "dKdS_deg": 72.76905997645835
    },
    {
      "zmin": 0.9,
      "zmax": 1.2,
      "l_deg": 133.39239067673944,
      "b_deg": -35.65749771873629,
      "R0": 0.23236781120315678,
      "A_eff": 0.0008598417158365351,
      "frac": 0.003700347786487451,
      "cond": 22.024632973873935,
      "dFR_deg": 38.08697983071326,
      "dKdS_deg": 12.579668977214652
    }
  ]
}