{
  "out": "/Users/boyde/.spyder-py3/plamb_runs/SkyMap/figs/quickgrid/SM_ns32_s8_mask20_noaxes.png",
  "nside": 32,
  "zmin": 0.1,
  "zmax": 1.2,
  "fwhm_deg": 8.0,
  "rbao_mode": "DH_over_rd/DM_over_rd",
  "fr_compatible": false,
  "dipole": {
    "l_deg": 166.9241155357779,
    "b_deg": 17.927832632255882,
    "R0": 0.23881678261431197,
    "A_eff": 0.0007197139253687455,
    "frac": 0.0030136656121487085,
    "p_perm": 0.011988011988011988,
    "R2": 0.004980452236846289,
    "rho": 0.07057231919702324,
    "dFR_deg": null,
    "dKdS_deg": null
  },
  "tomography": [
    {
      "zmin": 0.4,
      "zmax": 0.7,
      "l_deg": 225.0778210413834,
      "b_deg": -31.220698598053886,
      "R0": 0.24323467305474056,
      "A_eff": 0.00043666654533610315,
      "frac": 0.0017952479383473025,
      "cond": 11.592776460446112,
      "dFR_deg": NaN,
      "dKdS_deg": NaN
    },
    {
      "zmin": 0.7,
      "zmax": 1.0,
      "l_deg": 34.611894111507496,
      "b_deg": -40.69760030924846,
      "R0": 0.23872805443137454,
      "A_eff": 0.0012668578854939019,
      "frac": 0.0053066988231082685,
      "cond": 9.956362249629064,
      "dFR_deg": NaN,
      "dKdS_deg": NaN
    },
    {
      "zmin": 1.0,
      "zmax": 1.2,
      "l_deg": 117.08323879111524,
      "b_deg": -10.591081515475592,
      "R0": 0.23238881479213608,
      "A_eff": 0.0009532853334147297,
      "frac": 0.00410211366785192,
      "cond": 11.700981960990488,
      "dFR_deg": NaN,
      "dKdS_deg": NaN
    }
  ]
}