{
  "out": "/Users/boyde/.spyder-py3/plamb_runs/SkyMap/figs/quickgrid/SM_ns64_s6_mask20_bins2_fr.png",
  "nside": 64,
  "zmin": 0.1,
  "zmax": 1.2,
  "fwhm_deg": 6.0,
  "rbao_mode": "DH_over_rd/DM_over_rd",
  "fr_compatible": false,
  "dipole": {
    "l_deg": 115.11468984001635,
    "b_deg": 45.318977806454875,
    "R0": 0.23906369129756758,
    "A_eff": 0.0025223774699532973,
    "frac": 0.010551068864797378,
    "p_perm": 0.000999000999000999,
    "R2": 0.07433599635743704,
    "rho": 0.27264628432721566,
    "dFR_deg": 82.78551019011438,
    "dKdS_deg": null
  },
  "tomography": [
    {
      "zmin": 0.1,
      "zmax": 0.7,
      "l_deg": 236.88505351678637,
      "b_deg": -31.665545267931442,
      "R0": 0.24316782758145594,
      "A_eff": 0.0007105550798870404,
      "frac": 0.002922076851013607,
      "cond": 18.967986507454373,
      "dFR_deg": 83.29250356752321,
      "dKdS_deg": NaN
    },
    {
      "zmin": 0.7,
      "zmax": 1.2,
      "l_deg": 108.57386807181136,
      "b_deg": 44.95243741315038,
      "R0": 0.23746192428770072,
      "A_eff": 0.0036653123111444535,
      "frac": 0.015435368521244218,
      "cond": 15.765778500511361,
      "dFR_deg": 84.58336429431841,
      "dKdS_deg": NaN
    }
  ]
}