{
  "out": "/Users/boyde/.spyder-py3/plamb_runs/SkyMap/figs/quickgrid/SM_ns64_s6_mask20_bins2_fr_inj.png",
  "nside": 64,
  "zmin": 0.1,
  "zmax": 1.2,
  "fwhm_deg": 6.0,
  "rbao_mode": "DH_over_rd/DM_over_rd",
  "fr_compatible": false,
  "dipole": {
    "l_deg": 134.58720115440195,
    "b_deg": 47.04853946000506,
    "R0": 0.23904959786194716,
    "A_eff": 0.0024062568411504824,
    "frac": 0.010065931349276367,
    "p_perm": 0.000999000999000999,
    "R2": 0.0687351809465172,
    "rho": 0.2621739516933692,
    "dFR_deg": 75.25848500961928,
    "dKdS_deg": null
  },
  "tomography": [
    {
      "zmin": 0.1,
      "zmax": 0.7,
      "l_deg": 236.16352076169488,
      "b_deg": -24.27664382481678,
      "R0": 0.24315065195992436,
      "A_eff": 0.000924660240200167,
      "frac": 0.0038028285457880158,
      "cond": 18.967986507454373,
      "dFR_deg": 76.47679497655001,
      "dKdS_deg": NaN
    },
    {
      "zmin": 0.7,
      "zmax": 1.2,
      "l_deg": 119.02558091135836,
      "b_deg": 47.1292942489644,
      "R0": 0.23744280372298274,
      "A_eff": 0.0036133007598877862,
      "frac": 0.015217562727667729,
      "cond": 15.765778500511361,
      "dFR_deg": 80.10463125554773,
      "dKdS_deg": NaN
    }
  ]
}