{
  "out": "/Users/boyde/.spyder-py3/plamb_runs/SkyMap/figs/quickgrid/SM_ns32_s8_mask20_noaxes_inj.png",
  "nside": 32,
  "zmin": 0.1,
  "zmax": 1.2,
  "fwhm_deg": 8.0,
  "rbao_mode": "DH_over_rd/DM_over_rd",
  "fr_compatible": false,
  "dipole": {
    "l_deg": 190.7001531861916,
    "b_deg": 12.636963175622949,
    "R0": 0.23880190077523855,
    "A_eff": 0.0007770375062923515,
    "frac": 0.003253900005694271,
    "p_perm": 0.006993006993006993,
    "R2": 0.006540639617763633,
    "rho": 0.08087422097160114,
    "dFR_deg": null,
    "dKdS_deg": null
  },
  "tomography": [
    {
      "zmin": 0.4,
      "zmax": 0.7,
      "l_deg": 226.15752423936203,
      "b_deg": -14.29556148464981,
      "R0": 0.24321691348785998,
      "A_eff": 0.0006170123082073493,
      "frac": 0.0025368807594795297,
      "cond": 11.592776460446112,
      "dFR_deg": NaN,
      "dKdS_deg": NaN
    },
    {
      "zmin": 0.7,
      "zmax": 1.0,
      "l_deg": 19.39401070581298,
      "b_deg": -55.128443719123524,
      "R0": 0.23870449221294102,
      "A_eff": 0.0011395940115638146,
      "frac": 0.004774078614939586,
      "cond": 9.956362249629064,
      "dFR_deg": NaN,
      "dKdS_deg": NaN
    },
    {
      "zmin": 1.0,
      "zmax": 1.2,
      "l_deg": 136.04832234984585,
      "b_deg": -10.47637766608147,
      "R0": 0.23237650567691706,
      "A_eff": 0.0008117229010713126,
      "frac": 0.0034931367037590515,
      "cond": 11.700981960990488,
      "dFR_deg": NaN,
      "dKdS_deg": NaN
    }
  ]
}