{
  "out": "/Users/boyde/.spyder-py3/plamb_runs/SkyMap/figs/quickgrid/SM_ns32_s6_nomask_auto_inj.png",
  "nside": 32,
  "zmin": 0.1,
  "zmax": 1.2,
  "fwhm_deg": 6.0,
  "rbao_mode": "DH_over_rd/DM_over_rd",
  "fr_compatible": false,
  "dipole": {
    "l_deg": 178.0544758352247,
    "b_deg": -60.17696873025322,
    "R0": 0.2381073009404915,
    "A_eff": 0.0011711152354536311,
    "frac": 0.004918434801570069,
    "p_perm": 0.03596403596403597,
    "R2": 0.004939743683229136,
    "rho": 0.07028331013284213,
    "dFR_deg": null,
    "dKdS_deg": null
  },
  "tomography": [
    {
      "zmin": 0.4,
      "zmax": 0.7,
      "l_deg": 239.65122893308472,
      "b_deg": -44.08463426448971,
      "R0": 0.24322910154162444,
      "A_eff": 0.00037435455719661505,
      "frac": 0.0015391026601006901,
      "cond": 4.051258979725102,
      "dFR_deg": NaN,
      "dKdS_deg": NaN
    },
    {
      "zmin": 0.7,
      "zmax": 1.0,
      "l_deg": 114.98695118132815,
      "b_deg": -34.97481346873974,
      "R0": 0.23882711889345648,
      "A_eff": 0.0005712059756444354,
      "frac": 0.002391713212012816,
      "cond": 3.9114420428959367,
      "dFR_deg": NaN,
      "dKdS_deg": NaN
    },
    {
      "zmin": 1.0,
      "zmax": 1.2,
      "l_deg": 123.17158330353824,
      "b_deg": -30.46103718177326,
      "R0": 0.23224016131142144,
      "A_eff": 0.0006930743226269359,
      "frac": 0.0029843000397229355,
      "cond": 3.9809618292457345,
      "dFR_deg": NaN,
      "dKdS_deg": NaN
    }
  ]
}