{
  "out": "/Users/boyde/.spyder-py3/plamb_runs/SkyMap/figs/quickgrid/SM_ns64_s8_mask20_axes_FR.png",
  "nside": 64,
  "zmin": 0.1,
  "zmax": 1.2,
  "fwhm_deg": 8.0,
  "rbao_mode": "DH/DM",
  "fr_compatible": true,
  "dipole": {
    "l_deg": 122.09990545417392,
    "b_deg": 44.59290082868561,
    "R0": 0.23901981264059025,
    "A_eff": 0.002511954735683733,
    "frac": 0.01050939965157162,
    "p_perm": 0.000999000999000999,
    "R2": 0.10835023164372881,
    "rho": 0.329165963677487,
    "dFR_deg": 81.56058878562501,
    "dKdS_deg": 74.61751283018097
  },
  "tomography": [
    {
      "zmin": 0.4,
      "zmax": 0.7,
      "l_deg": 239.52862364612793,
      "b_deg": -35.773468725074586,
      "R0": 0.24317989220577588,
      "A_eff": 0.0007032044212556261,
      "frac": 0.0028917046342819457,
      "cond": 16.62344584565193,
      "dFR_deg": 86.57791858671551,
      "dKdS_deg": 86.9039969983893
    },
    {
      "zmin": 0.7,
      "zmax": 1.0,
      "l_deg": 37.55704206636988,
      "b_deg": -23.07979124243745,
      "R0": 0.2390964907972027,
      "A_eff": 0.0010508142446411179,
      "frac": 0.004394937964741605,
      "cond": 12.486717919803567,
      "dFR_deg": 44.31587508752716,
      "dKdS_deg": 72.49530127289016
    },
    {
      "zmin": 1.0,
      "zmax": 1.2,
      "l_deg": 135.41472324078,
      "b_deg": -43.544640936322494,
      "R0": 0.23236557295872926,
      "A_eff": 0.0008576177642739215,
      "frac": 0.0036908125130319714,
      "cond": 17.284363881549677,
      "dFR_deg": 35.46618002378128,
      "dKdS_deg": 18.266927126386236
    }
  ]
}