environment_residual_quartile,N,median_environment_residual,mean_outcome_residual,median_outcome_residual
Q1_low,17,-0.480600136991704,0.00932050646299496,0.0045456172571772
Q2,16,-0.1654369127455114,-0.004566108498165394,0.00013252739595745
Q3,16,0.1076512941611047,7.593783816476227e-05,-0.0010433909223062
Q4_high,17,0.4510102546032987,-0.008090148123238706,-0.0009859915759833
