component,partial_spearman_rho,permutation_p_two_sided_unadjusted,cv_rmse_fractional_improvement,coefficient_sign_fraction,holm_p_four_components
log1p_count_2mpc,-0.29836134015238497,0.015349232538373081,0.02559807945002045,1.0,0.04779761011949402
log1p_count_5mpc,0.023233482934975475,0.8492575371231439,-0.01085514631675739,0.8,0.8492575371231439
minus_log10_nearest_mpc,-0.24663396305187352,0.04519774011299435,0.004223133023579218,1.0,0.0903954802259887
log10_tidal_strength,-0.31372508088926004,0.011949402529873506,0.02460044749332881,1.0,0.04779761011949402
