host_feature,spearman_rho_with_environment_score
abs_gal_b_deg,0.5610479073165641
log1p_sideband_count_5mpc,-0.4697168450891675
frac_distance_error,-0.4509097472094838
Inc_deg,0.2870598885952531
log_n_points,-0.1889066486801478
log_L36,0.18730821417388585
log_SBeff,0.1824064796656621
T,-0.14907087671611152
log_Vflat,0.14660003987244227
D_Mpc,0.12501776604425982
bulge_proxy,-0.08840752086521936
log_MHI,0.015197695324364303
