state_label,delta_D_H_1e5,delta_Yp_mass,delta_Li7_H_1e10
baseline,0.0005507128313850806,-3.938548579399126e-05,-0.0015394404153967756
best_registered_direct,-1.0672368887743033e-05,-3.7282409167699315e-05,-0.0004378515714655862
best_registered_lower_bound,9.066887396969037e-05,-4.520137965718929e-05,-0.0009282463452642276
best_su2_expansion_only,0.00023014781477970203,-6.531854786939739e-05,-0.0017098673154256616
best_su2_modest_rates,-4.199453884989879e-05,-6.481419505660613e-05,-0.0009534603498364547
best_su2_all_rates,9.543405197920407e-05,-5.907567872739938e-05,-0.0010848913541945393
minimum_li_given_registered_D_He,0.00015290051836158725,-5.0252356539104426e-05,-0.0009776669582368669
best_combined_current_reweight,0.00015552540426710948,-6.080988188419956e-05,-0.001479966430986579
