network,state_label,quadrature_sigma_D_H_1e5,quadrature_sigma_Yp_mass,quadrature_sigma_Li7_H_1e10
full,baseline,0.026081559812032494,2.1661889398047325e-05,0.08422697513921329
full,best_registered_direct,0.02704414181955151,2.1397321422660696e-05,0.06955195974887085
key,baseline,0.026085517095728344,2.1619326124444433e-05,0.08493136878605892
key,best_registered_direct,0.027058969518369398,2.138107561949643e-05,0.07012385158002361
small,baseline,0.026086018032066515,2.1469760693909553e-05,0.08422600448767532
small,best_registered_direct,0.027059509273033047,2.1290608192245235e-05,0.06954812241267605
