network,state_label,delta_D_H_1e5_600_minus_300,delta_Yp_mass_600_minus_300,delta_Li7_H_1e10_600_minus_300
full,baseline,-3.7122875089945495e-05,-6.778116748817897e-06,-7.517402721735067e-05
full,best_registered_direct,-4.088756331910304e-05,-6.821513755000952e-06,-6.399761444253471e-05
key,baseline,-0.0001017687271711587,-1.9733474447503063e-05,-0.00026839823643953764
key,best_registered_direct,-0.00011571626323014783,-2.0106986687584705e-05,-0.00023524995011214855
small,baseline,-0.00010540852100859865,-2.016496345899621e-05,-0.0003190777711088444
small,best_registered_direct,-0.0001153439489671726,-2.0167277558907903e-05,-0.00027684104889580397
