scenario,description,n_rows,n_D_He_2sigma,n_D_He_Li_2sigma,lithium_gate_pass,best_chi2_li_measurement,best_chi2_li_lower_bound,best_Li7_H_1e10,best_D_H_1e5,best_Yp,minimum_Li7_H_1e10_given_D_He,minimum_li_eta_fac,minimum_li_clock_factor,minimum_li_delta_neff,minimum_li_q_pull_chi2
su2_expansion_only,Non-negative early-radiation/clock proxy with no nuclear-rate pull.,25,16,0,False,273.7965141102519,2.4315722890778755,5.559502185840834,2.521647859339564,0.2505047371014882,5.555355006700839,1.0,1.08,1.0221714285714292,0.0
su2_plus_modest_rate_controls,Same SU2 proxy with joint selected-rate pull sum(q_i^2) <= 9.,1773,1224,0,False,228.0325382029328,2.4315722890778755,5.12661297910958,2.515242372839812,0.2493846721357727,5.112978223610318,0.9889085458421792,1.0626477474919953,0.7937814451059851,6.49092918865251
su2_plus_scanned_rate_controls,Same SU2 proxy with the complete scanned selected-rate range.,2211,1505,0,False,219.04076623330823,2.4315722890778755,4.9531587688873335,2.535756081263556,0.2496811437793515,4.923829974998345,0.9929821061990456,1.0464993357509866,0.5845595668960023,23.3766677539298
all_scanned_controls,"All successful LINX rows, including negative clock shifts; diagnostic control only.",30503,4715,0,False,215.2562983342588,2.4315722890778755,4.69411350742009,2.5850621609074214,0.2486907881809545,4.74103110096854,0.9673886336541946,0.9805743120183482,-0.2363404000312789,20.7991178222404
