closure,maximum_redshift_identity_error,maximum_rate_identity_error,maximum_dchi_dz_minus_DH_error,maximum_luminosity_identity_error,minimum_a,maximum_a,H_over_H0_at_z0
static_fr,2.220446049250313e-16,8.881784197001252e-16,1.8655977784831634e-07,4.440892098500626e-16,1.0,1.0,0.0
fixed_atomic_clock,2.220446049250313e-16,8.881784197001252e-16,1.3300826662288046e-08,8.881784197001252e-16,1.0000012999987,1.9285714285714286,-1.2999999999999998
standard_scale_factor,4.440892098500626e-16,8.881784197001252e-16,6.315130107736877e-08,8.881784197001252e-16,0.2857142857142857,0.9999990000010001,1.0
