check,value,target,absolute_tolerance,passed
SN sample size,3422.0,3422.0,0.0,True
PLAMB SN p regression,0.7974288977143246,0.7974289064225032,5e-05,True
PLAMB SN chi2 regression,3047.6744756611283,3047.674475661129,0.02,True
LCDM SN Omega_m regression,0.33067964259081406,0.33067964339262307,5e-05,True
LCDM SN chi2 regression,3047.662517185934,3047.6625171859296,0.02,True
LCDM BAO Omega_m regression,0.29746185299810324,0.29746182078985123,5e-05,True
LCDM BAO chi2 regression,10.271049872288973,10.271041425445219,0.02,True
Fixed PLAMB BAO chi2 regression,33458.051670260524,33458.051670260524,0.05,True
BAO covariance minimum eigenvalue positive,0.00578998687,0.0,0.0,True
