{
  "out": "/Users/boyde/.spyder-py3/plamb_runs/SkyMap/figs/sweeps_real/SM_real_m20_f6_FR.png",
  "nside": 32,
  "zmin": 0.1,
  "zmax": 1.2,
  "fwhm_deg": 6.0,
  "rbao_mode": "DH_over_rd/DM_over_rd",
  "fr_compatible": true,
  "dipole": {
    "l_deg": 76.54843977278148,
    "b_deg": -69.86734419182554,
    "R0": 0.23824798204731862,
    "A_eff": 0.001162771910350478,
    "frac": 0.004880511055575442,
    "p_perm": 0.13586413586413587,
    "R2": 0.005172784786190765,
    "rho": 0.07192207440133136,
    "dFR_deg": 22.164627248301343,
    "dKdS_deg": 46.698044249539436
  },
  "tomography": [
    {
      "zmin": 0.4,
      "zmax": 0.7,
      "l_deg": 217.05408023737,
      "b_deg": -45.23556083509686,
      "R0": 0.24323926370946053,
      "A_eff": 0.00041115480245229385,
      "frac": 0.0016903307310755622,
      "cond": 4.948835826229536,
      "dFR_deg": 78.1144357295806,
      "dKdS_deg": 73.73318856295869
    },
    {
      "zmin": 0.7,
      "zmax": 1.0,
      "l_deg": 92.93609447432635,
      "b_deg": -42.727236485136196,
      "R0": 0.23893565488644708,
      "A_eff": 0.0005684878397876673,
      "frac": 0.002379250765474237,
      "cond": 5.05158885547945,
      "dFR_deg": 8.189517794733604,
      "dKdS_deg": 25.073018112501444
    },
    {
      "zmin": 1.0,
      "zmax": 1.2,
      "l_deg": 114.99445661647069,
      "b_deg": -21.926266374049607,
      "R0": 0.23227654187805044,
      "A_eff": 0.0009004806913307053,
      "frac": 0.003876761226294968,
      "cond": 4.831287261067924,
      "dFR_deg": 35.943163235752934,
      "dKdS_deg": 9.240052229003254
    }
  ]
}