zmin,zmax,l,b,R0,A_eff,frac,cond
0.1,0.4,161.63394215221325,-49.686609391595084,0.37050292295009446,0.007696039735378746,0.020771873199001395,257.3383288504572
0.4,0.7,146.5584514457655,-51.31203800185678,0.1644743569988665,0.0052073343175467485,0.031660463141878314,254.97418194609722
0.7,1.0,188.56965616348398,-70.88177798289377,0.05292767592106003,0.00048045935821662,0.009077658330080658,236.56503255068415
