zmin,zmax,l,b,R0,A_eff,frac,cond
0.1,0.4,244.73808176266408,8.57698563543573,0.08169375016736942,0.00041262580215798,0.005050885793743293,210.67914019941418
