{
  "out": "/Users/boyde/.spyder-py3/plamb_runs/SkyMap/figs/SM_REAL_MIN_z1p0_1p2.png",
  "nside": 64,
  "zmin": 1.0,
  "zmax": 1.2,
  "fwhm_deg": 8.0,
  "dipole": {
    "l_deg": 156.63511791527566,
    "b_deg": 27.625587567559986,
    "R0": 0.23226481762448675,
    "A_eff": 0.0005035891963902644,
    "frac": 0.002168168220829899,
    "p_perm": 0.000999000999000999,
    "R2": 0.5654632972665936,
    "rho": 0.7519729365253721,
    "dFR_deg": 80.3487091200926,
    "dKdS_deg": 67.4262766752788
  },
  "tomography": [
    {
      "zmin": 0.4,
      "zmax": 0.7,
      "l_deg": 11.941461915649366,
      "b_deg": 23.752061308872342,
      "R0": 0.24319337791555773,
      "A_eff": 0.000853696992177781,
      "frac": 0.003510362821121733,
      "cond": 14.99309749732742,
      "dFR_deg": 83.64661735585521,
      "dKdS_deg": 63.4416783263176
    },
    {
      "zmin": 0.7,
      "zmax": 1.0,
      "l_deg": 266.781103659507,
      "b_deg": -11.675751014362364,
      "R0": 0.23971216684076188,
      "A_eff": 0.0011375768321535123,
      "frac": 0.004745594882170465,
      "cond": 19.958101999146933,
      "dFR_deg": 59.72696765413741,
      "dKdS_deg": 52.53149175402042
    },
    {
      "zmin": 1.0,
      "zmax": 1.2,
      "l_deg": 156.63511791527566,
      "b_deg": 27.625587567559986,
      "R0": 0.23226481762448675,
      "A_eff": 0.0005035891963902644,
      "frac": 0.002168168220829899,
      "cond": 16.735828006709735,
      "dFR_deg": 80.3487091200926,
      "dKdS_deg": 67.4262766752788
    }
  ]
}