{
  "out": "/Users/boyde/.spyder-py3/plamb_runs/SkyMap/figs/SM_REAL_MIN_mask20.png",
  "nside": 32,
  "zmin": 0.55,
  "zmax": 1.2,
  "fwhm_deg": 10.0,
  "dipole": {
    "l_deg": 91.770320113286,
    "b_deg": 22.636936889267343,
    "R0": 0.23874821310936517,
    "A_eff": 0.0007841565681424112,
    "frac": 0.0032844499983051465,
    "p_perm": 0.0015996800639872025,
    "R2": 0.008194824346397511,
    "rho": 0.09052526910425422,
    "dFR_deg": 70.98095890269634,
    "dKdS_deg": 59.216690135247916
  },
  "tomography": [
    {
      "zmin": 0.55,
      "zmax": 0.65,
      "l_deg": 198.2664486062668,
      "b_deg": -74.76117809340184,
      "R0": 0.24319042204141303,
      "A_eff": 0.0003588654610761371,
      "frac": 0.001475656228825598,
      "cond": 10.362317345022571,
      "dFR_deg": 49.854333585306904,
      "dKdS_deg": 58.08166137879404
    },
    {
      "zmin": 0.68,
      "zmax": 0.75,
      "l_deg": 120.85066346898618,
      "b_deg": -39.803155037441556,
      "R0": 0.24117334292337725,
      "A_eff": 0.0003511326461233678,
      "frac": 0.0014559347308749852,
      "cond": 9.550902851502935,
      "dFR_deg": 27.491923264395325,
      "dKdS_deg": 9.827799806276829
    },
    {
      "zmin": 0.8,
      "zmax": 0.9,
      "l_deg": 119.63098034810997,
      "b_deg": -8.047806019913146,
      "R0": 0.2363366612565637,
      "A_eff": 0.0009625327278863675,
      "frac": 0.004072718649610844,
      "cond": 10.52790671646358,
      "dFR_deg": 50.0182540280411,
      "dKdS_deg": 21.954919655271624
    },
    {
      "zmin": 1.0,
      "zmax": 1.2,
      "l_deg": 109.31733296743326,
      "b_deg": -18.435429784140744,
      "R0": 0.23230865376043378,
      "A_eff": 0.0011101667537674578,
      "frac": 0.004778843731376049,
      "cond": 11.16869625090232,
      "dFR_deg": 36.018170381086975,
      "dKdS_deg": 15.102666551965598
    }
  ]
}