{
  "out": "/Users/boyde/.spyder-py3/plamb_runs/SkyMap/figs/SM_RBAO_z0p1_1p2.png",
  "nside": 128,
  "zmin": 0.1,
  "zmax": 1.2,
  "fwhm_deg": 8.0,
  "dipole": {
    "l_deg": 339.5266122650103,
    "b_deg": 48.22219362785431,
    "R0": 2.1777726587383626,
    "A_eff": 0.06850074652743515,
    "frac": 0.03145449836215655,
    "p_perm": 0.001996007984031936,
    "R2": 0.4852372567057359,
    "rho": 0.6965897334197056,
    "dFR_deg": 48.270983610649154,
    "dKdS_deg": 35.12372612217947
  },
  "tomography": [
    {
      "zmin": 0.1,
      "zmax": 0.4,
      "l_deg": 158.76655561271144,
      "b_deg": -48.36003835676718,
      "R0": 2.423218457943905,
      "A_eff": 5.050337295389006e-14,
      "frac": 2.0841444479893098e-14,
      "cond": 76.00342730828595,
      "dFR_deg": 47.763038725275294,
      "dKdS_deg": 34.681168889519824
    },
    {
      "zmin": 0.4,
      "zmax": 0.7,
      "l_deg": 48.41116117521327,
      "b_deg": 13.725474445843373,
      "R0": 1.624650807089686,
      "A_eff": 0.14095711782011194,
      "frac": 0.08676148573281117,
      "cond": 77.47190031722153,
      "dFR_deg": 69.3730660420963,
      "dKdS_deg": 81.54257864815632
    },
    {
      "zmin": 0.7,
      "zmax": 1.0,
      "l_deg": 52.87591470342517,
      "b_deg": 27.202164338568437,
      "R0": 0.9817720080796849,
      "A_eff": 0.05099446090589914,
      "frac": 0.05194124550937513,
      "cond": 79.24360758227301,
      "dFR_deg": 80.22723716486469,
      "dKdS_deg": 85.93686615291804
    },
    {
      "zmin": 1.0,
      "zmax": 1.2,
      "l_deg": 12.442043365377288,
      "b_deg": 58.86663457231598,
      "R0": 0.8234627027938938,
      "A_eff": 1.817242117884052e-15,
      "frac": 2.2068299046434085e-15,
      "cond": 88.77272744308523,
      "dFR_deg": 58.21970800044387,
      "dKdS_deg": 55.732330081535984
    }
  ]
}