{
  "out": "/Users/boyde/.spyder-py3/plamb_runs/SkyMap/figs/SM_REAL_MIN_nomask.png",
  "nside": 64,
  "zmin": 0.1,
  "zmax": 2.5,
  "fwhm_deg": 8.0,
  "dipole": {
    "l_deg": 218.32703504663124,
    "b_deg": -2.4030497263894732,
    "R0": 0.23973333333331454,
    "A_eff": 4.211531922364456e-14,
    "frac": 1.7567569197850886e-13,
    "p_perm": 0.001996007984031936,
    "R2": 0.03603840955748261,
    "rho": 0.18982856381046487,
    "dFR_deg": null,
    "dKdS_deg": null
  },
  "tomography": []
}