frame,random_mode,prior_config,survey_budget_mmag,dataset_budget_mmag,N,k_random,beta,beta_minus_0p5,data_chi2_map,prior_chi2,marginal_score,BIC_random_marginal_base
HD,none,none,0.0,0.0,3422,0,0.4665320888181414,-0.0334679111818586,4109.86590871017,0.0,4109.86590871017,4118.003889164622
HD,dataset,budget_010mmag_ds020,0.0,20.0,3422,3,0.5234028904439534,0.0234028904439533,3134.622414419428,43.98203507969336,3188.1501934137414,3196.2881738681936
HD,dataset,budget_016mmag_ds032,0.0,32.0,3422,3,0.5334371734501575,0.0334371734501575,3130.044953340307,19.83826786236511,3162.170632381033,3170.3086128354853
HD,dataset,budget_025mmag_ds050,0.0,50.0,3422,3,0.5383695716398504,0.0383695716398504,3129.0773282813147,8.69616229699528,3152.708405603846,3160.8463860582983
HD,dataset,budget_050mmag_ds100_stress,0.0,100.0,3422,3,0.541272701511485,0.0412727015114849,3128.8623549852305,2.2610245314690696,3150.201327676814,3158.339308131266
HD,dataset+survey,budget_010mmag_ds020,10.0,20.0,3422,27,0.5148656651333499,0.0148656651333498,3114.777093763697,49.87673540517186,3179.4891640069686,3187.627144461421
HD,dataset+survey,budget_016mmag_ds032,16.0,32.0,3422,27,0.5192641424162499,0.0192641424162498,3100.924878966284,28.200363526145992,3152.1372796765822,3160.2752601310344
HD,dataset+survey,budget_025mmag_ds050,25.0,50.0,3422,27,0.5182626052633289,0.0182626052633289,3091.208085376269,17.85513146805259,3143.122484721238,3151.26046517569
HD,dataset+survey,budget_050mmag_ds100_stress,50.0,100.0,3422,27,0.5143565533341018,0.0143565533341017,3081.955544211559,8.98426784784591,3148.955427832613,3157.0934082870654
