parameter,mean,sigma
R,1.7506384588674202,0.004572827516872444
l_A,301.76070062852654,0.08838833350018764
omega_b_h2,0.02235975023942218,0.00014879589662060249
