{
  "method": "ceemdan",
  "n_imfs": 6,
  "imf_focus": [
    2,
    3
  ],
  "surrogates": 10000,
  "stat_obs": 14.72712400363132,
  "p_value": 0.0010998900109989002,
  "lock_scores": {
    "IMF2": -0.012750127003937278,
    "IMF3": -0.03884376501119049
  }
}