{
  "H0": {
    "q16": 71.64632302966862,
    "q50": 79.62743575879938,
    "q84": 85.04162449356878,
    "minus": 7.981112729130757,
    "plus": 5.414188734769397
  },
  "Om": {
    "q16": 0.1218368409674292,
    "q50": 0.309949326920837,
    "q84": 0.6166374278078981,
    "minus": 0.1881124859534078,
    "plus": 0.3066881008870611
  },
  "A_acc": {
    "q16": -0.2953938149126046,
    "q50": -0.1931994367570688,
    "q84": 0.0078086335839105,
    "minus": 0.10219437815553578,
    "plus": 0.2010080703409793
  },
  "n_acc": {
    "q16": -5.315408987873485,
    "q50": -3.654341009193908,
    "q84": -0.1172005998690526,
    "minus": 1.661067978679577,
    "plus": 3.5371404093248553
  },
  "gamma_c": {
    "q16": -0.2262183971273903,
    "q50": 0.218851621046812,
    "q84": 0.496127009042852,
    "minus": 0.44507001817420233,
    "plus": 0.27727538799604
  },
  "epsilon_M": {
    "q16": -0.1956255105405597,
    "q50": 0.0174823656567656,
    "q84": 0.2084129121304681,
    "minus": 0.2131078761973253,
    "plus": 0.1909305464737025
  },
  "eps_minus_gamma": {
    "q16": -0.5931158495517144,
    "q50": -0.2312980504803359,
    "q84": 0.3630220112804043,
    "minus": 0.36181779907137845,
    "plus": 0.5943200617607401
  }
}