{
  "method": "ceemdan",
  "n_imfs": 6,
  "imf_focus": [
    1,
    2,
    3,
    4
  ],
  "surrogates": 10000,
  "stat_obs": 46.646042562103524,
  "p_value": 9.999000099990002e-05,
  "lock_scores": {
    "IMF1": -0.045261102790873545,
    "IMF2": -0.06925708756467737,
    "IMF3": -0.06632445721446843,
    "IMF4": 0.0253297406474763
  }
}