quality_control,N,dipole_amplitude,amplitude_ratio_to_primary,dipole_ra_deg,dipole_dec_deg,direction_separation_from_primary_deg,joint_F_l1_l3,diagnostic_only
zwarning_zero,109416,0.09426002819512674,1.9564515892004217,347.0038794763182,74.21703524059804,15.071569615049322,5.9389904826210635,True
zconf_ge_2,26740,0.08079342985899794,1.6769402393703239,293.64090766359607,-61.4399177514172,154.44367435578786,7.412160908358674,True
