cell_deg,n_mocks,seed,n_grid_cells,n_occupied_catalogue_cells,n_lon_bins,n_sin_b_bins,observed_family_max_score,null_max_score_mean,null_max_score_p95,null_max_score_p99,global_p,monte_carlo_floor
8.0,20000,20268790,990,384,45,22,30.598248880184993,3.6311309262820717,6.486271611403475,8.156209829818843,4.999750012499375e-05,4.999750012499375e-05
12.0,20000,20272826,450,203,30,15,30.598248880184993,4.829448442290308,8.775643762413514,11.027901794595564,4.999750012499375e-05,4.999750012499375e-05
16.0,20000,20276862,242,126,22,11,30.598248880184993,6.792488033645347,11.865777625722561,14.628908963689598,4.999750012499375e-05,4.999750012499375e-05
