{
  "analysis_date": "2026-07-18",
  "candidate_delta_BIC_vs_LCDM": 13.34505186640763,
  "candidate_key": "PATH_FREE",
  "candidate_offset_differences_vs_LCDM_mag": {
    "DES_Dovekie_raw": 0.017999842654827583,
    "PantheonPlusSH0ES": 0.013721853574884757,
    "Union3p1_UNITY1p8": 0.0005016992943940521
  },
  "hessian_audits": {
    "ALPHA_FREE": {
      "boundary_fractions": {
        "alpha": 0.2688024505571706
      },
      "central_hessian_available": 1,
      "condition_number": 1.0,
      "correlation": [
        [
          1.0
        ]
      ],
      "eigenvalues": [
        26478.557356313104
      ],
      "minimum_bound_fraction": 0.2688024505571706,
      "parameter_names": [
        "alpha"
      ],
      "positive_definite": 1,
      "rank": 1,
      "standard_errors": {
        "alpha": 0.008690961740340291
      }
    },
    "GAMMA_FREE": {
      "boundary_fractions": {
        "gamma_c": 0.4577004942534396
      },
      "central_hessian_available": 1,
      "condition_number": 1.0,
      "correlation": [
        [
          1.0
        ]
      ],
      "eigenvalues": [
        5805.389605484379
      ],
      "minimum_bound_fraction": 0.4577004942534396,
      "parameter_names": [
        "gamma_c"
      ],
      "positive_definite": 1,
      "rank": 1,
      "standard_errors": {
        "gamma_c": 0.018560912027650804
      }
    },
    "GENERAL_FREE": {
      "boundary_fractions": {
        "alpha": 0.39921711219207856,
        "gamma_c": 0.0840055535140447,
        "p": 0.24890611894848166
      },
      "central_hessian_available": 1,
      "condition_number": 44610.39022753036,
      "correlation": [
        [
          1.0,
          -0.8859850303003879,
          -0.9169279778322711
        ],
        [
          -0.8859850303005102,
          0.9999999999999999,
          0.9973628192757505
        ],
        [
          -0.9169279778323765,
          0.9973628192757317,
          1.0
        ]
      ],
      "eigenvalues": [
        0.8358111032478993,
        72.60038255602404,
        37285.85947233095
      ],
      "minimum_bound_fraction": 0.0840055535140447,
      "parameter_names": [
        "gamma_c",
        "p",
        "alpha"
      ],
      "positive_definite": 1,
      "rank": 3,
      "standard_errors": {
        "alpha": 0.8039133640865544,
        "gamma_c": 0.3641653734071752,
        "p": 1.281246957077325
      }
    },
    "LCDM": {
      "boundary_fractions": {
        "Omega_m": 0.4896734162811523
      },
      "central_hessian_available": 1,
      "condition_number": 1.0,
      "correlation": [
        [
          1.0
        ]
      ],
      "eigenvalues": [
        17995.06674066556
      ],
      "minimum_bound_fraction": 0.4896734162811523,
      "parameter_names": [
        "Omega_m"
      ],
      "positive_definite": 1,
      "rank": 1,
      "standard_errors": {
        "Omega_m": 0.010542370306413603
      }
    },
    "PATH_FREE": {
      "boundary_fractions": {
        "gamma_c": 0.0,
        "p": 0.3760639253863456
      },
      "central_hessian_available": 0,
      "condition_number": null,
      "correlation": [],
      "eigenvalues": [],
      "minimum_bound_fraction": 0.0,
      "parameter_names": [
        "gamma_c",
        "p"
      ],
      "rank": null,
      "standard_errors": {}
    },
    "P_ALPHA_FREE": {
      "boundary_fractions": {
        "alpha": 0.17953187234738588,
        "p": 0.16666665018049764
      },
      "central_hessian_available": 1,
      "condition_number": 1863.609575559605,
      "correlation": [
        [
          1.0000000000000002,
          0.9983269046011815
        ],
        [
          0.9983269046011807,
          1.0
        ]
      ],
      "eigenvalues": [
        17.762647677675886,
        33102.640299405495
      ],
      "minimum_bound_fraction": 0.16666665018049764,
      "parameter_names": [
        "p",
        "alpha"
      ],
      "positive_definite": 1,
      "rank": 2,
      "standard_errors": {
        "alpha": 0.15030527347831216,
        "p": 0.30010759674777304
      }
    },
    "P_FREE": {
      "boundary_fractions": {
        "p": 0.149146461906466
      },
      "central_hessian_available": 1,
      "condition_number": 1.0,
      "correlation": [
        [
          1.0000000000000002
        ]
      ],
      "eigenvalues": [
        9759.653873212907
      ],
      "minimum_bound_fraction": 0.149146461906466,
      "parameter_names": [
        "p"
      ],
      "positive_definite": 1,
      "rank": 1,
      "standard_errors": {
        "p": 0.014315212196081053
      }
    }
  },
  "holdout_counts": {
    "release_shape": 3,
    "release_wins": 0,
    "survey_and_high_z": 20,
    "survey_and_high_z_wins": 10
  },
  "interpretation": {
    "DES_b_mean": 1.003,
    "DES_b_sigma": 0.011180339887498949,
    "conditional_translation_sigma": 1.60786560005115,
    "e_assuming_s_zero": 0.40013155123168587,
    "general_alpha": 0.7015657756158429,
    "general_alpha_standard_error": 0.8039133640865544,
    "maximum_release_offset_difference_mag": 0.017999842654827583,
    "s_assuming_e_one": 0.5998684487683144
  },
  "overall_promotion": 0,
  "primary_fits": {
    "ALPHA_FREE": {
      "BIC": 3163.975360056786,
      "N": 3422,
      "N_parameters": 4,
      "N_release_intercepts": 3,
      "N_shape_parameters": 1,
      "chi2": 3131.4234382389773,
      "label": "Flux exponent free",
      "model": "ALPHA_FREE",
      "offsets": {
        "DES_Dovekie_raw": -0.020192525499171124,
        "PantheonPlusSH0ES": -0.13782213896404993,
        "Union3p1_UNITY1p8": -0.051928002024118444
      },
      "optimisation_method": "analytic",
      "optimisation_objectives": [],
      "optimisation_success": 1,
      "parameters": {
        "alpha": 0.037604901114341276,
        "gamma_c": 1.0,
        "p": 0.0
      }
    },
    "FRACTIONAL_FIXED": {
      "BIC": 8105.668421868994,
      "N": 3422,
      "N_parameters": 3,
      "N_release_intercepts": 3,
      "N_shape_parameters": 0,
      "chi2": 8081.254480505638,
      "label": "Fractional clock fixed",
      "model": "FRACTIONAL_FIXED",
      "offsets": {
        "DES_Dovekie_raw": 0.4208831646304164,
        "PantheonPlusSH0ES": 0.09197648348550522,
        "Union3p1_UNITY1p8": 0.5538505633241977
      },
      "optimisation_method": "analytic",
      "optimisation_objectives": [],
      "optimisation_success": 1,
      "parameters": {
        "alpha": 0.0,
        "gamma_c": 1.0,
        "p": 1.0
      }
    },
    "GAMMA_FREE": {
      "BIC": 3161.3987155135515,
      "N": 3422,
      "N_parameters": 4,
      "N_release_intercepts": 3,
      "N_shape_parameters": 1,
      "chi2": 3128.8467936957427,
      "label": "Light-speed coefficient free",
      "model": "GAMMA_FREE",
      "offsets": {
        "DES_Dovekie_raw": -0.022895303471836354,
        "PantheonPlusSH0ES": -0.13936353880400962,
        "Union3p1_UNITY1p8": -0.05456309439372443
      },
      "optimisation_method": "bounded_scalar",
      "optimisation_objectives": [
        3128.8467936957427
      ],
      "optimisation_success": 1,
      "parameters": {
        "alpha": 0.0,
        "gamma_c": 1.0845990114931208,
        "p": 0.0
      }
    },
    "GENERAL_FREE": {
      "BIC": 3096.0021773055346,
      "N": 3422,
      "N_parameters": 6,
      "N_release_intercepts": 3,
      "N_shape_parameters": 3,
      "chi2": 3047.174294578822,
      "label": "General clock law",
      "model": "GENERAL_FREE",
      "offsets": {
        "DES_Dovekie_raw": -0.06449765134060248,
        "PantheonPlusSH0ES": -0.173732374218129,
        "Union3p1_UNITY1p8": -0.05819668953523458
      },
      "optimisation_method": "two_seed_DE_plus_L-BFGS-B",
      "optimisation_objectives": [
        3047.174294578822,
        3047.1742945812125
      ],
      "optimisation_success": 1,
      "parameters": {
        "alpha": 0.7015657756158429,
        "gamma_c": 1.8319888929719106,
        "p": 1.753281643154555
      }
    },