{
  "out": "/Users/boyde/.spyder-py3/plamb_runs/SkyMap/figs/sweeps_raw/SM_real_m30_f6_FR.png",
  "nside": 32,
  "zmin": 0.1,
  "zmax": 1.2,
  "fwhm_deg": 6.0,
  "rbao_mode": "DH_over_rd/DM_over_rd",
  "fr_compatible": true,
  "dipole": {
    "l_deg": 168.5277681417947,
    "b_deg": -31.53774544601681,
    "R0": 0.23857144744871647,
    "A_eff": 0.0009731771808079051,
    "frac": 0.004079185465046483,
    "p_perm": 0.2627372627372627,
    "R2": 0.003598347922786793,
    "rho": 0.059986231110037196,
    "dFR_deg": null,
    "dKdS_deg": null
  },
  "tomography": [
    {
      "zmin": 0.4,
      "zmax": 0.7,
      "l_deg": 185.84309583574213,
      "b_deg": -26.711569375209386,
      "R0": 0.24329081734360383,
      "A_eff": 0.0004293295669240176,
      "frac": 0.0017646764132395018,
      "cond": 5.570773167767878,
      "dFR_deg": NaN,
      "dKdS_deg": NaN
    },
    {
      "zmin": 0.7,
      "zmax": 1.0,
      "l_deg": 36.76472041388889,
      "b_deg": -58.309140977529125,
      "R0": 0.23881807485437237,
      "A_eff": 0.000651251535129112,
      "frac": 0.0027269775770792696,
      "cond": 5.4860874646505335,
      "dFR_deg": NaN,
      "dKdS_deg": NaN
    },
    {
      "zmin": 1.0,
      "zmax": 1.2,
      "l_deg": 100.27999404558054,
      "b_deg": -3.3121648463405746,
      "R0": 0.23250192575630663,
      "A_eff": 0.00091249597827962,
      "frac": 0.003924681377633142,
      "cond": 5.500429670830372,
      "dFR_deg": NaN,
      "dKdS_deg": NaN
    }
  ]
}