{
  "out": "/Users/boyde/.spyder-py3/plamb_runs/SkyMap/figs/sweeps_raw/SM_real_m10_f6.png",
  "nside": 32,
  "zmin": 0.1,
  "zmax": 1.2,
  "fwhm_deg": 6.0,
  "rbao_mode": "DH_over_rd/DM_over_rd",
  "fr_compatible": false,
  "dipole": {
    "l_deg": 108.1596111730512,
    "b_deg": -73.92540764393492,
    "R0": 0.23825185444083583,
    "A_eff": 0.001122609236314841,
    "frac": 0.004711859384891438,
    "p_perm": 0.09490509490509491,
    "R2": 0.00516742887306898,
    "rho": 0.07188483061862877,
    "dFR_deg": null,
    "dKdS_deg": null
  },
  "tomography": [
    {
      "zmin": 0.4,
      "zmax": 0.7,
      "l_deg": 216.5934232874757,
      "b_deg": -53.96519329809631,
      "R0": 0.24324028401570283,
      "A_eff": 0.000350525501937137,
      "frac": 0.0014410668173471964,
      "cond": 4.516042737124533,
      "dFR_deg": NaN,
      "dKdS_deg": NaN
    },
    {
      "zmin": 0.7,
      "zmax": 1.0,
      "l_deg": 98.40299086011808,
      "b_deg": -33.05540656554293,
      "R0": 0.23891932499961302,
      "A_eff": 0.0006614743453394156,
      "frac": 0.002768609635660435,
      "cond": 4.531635324923117,
      "dFR_deg": NaN,
      "dKdS_deg": NaN
    },
    {
      "zmin": 1.0,
      "zmax": 1.2,
      "l_deg": 114.74390856229054,
      "b_deg": -23.92541633862461,
      "R0": 0.232243432840883,
      "A_eff": 0.0008739526883063478,
      "frac": 0.0037630889175889817,
      "cond": 4.328203159945485,
      "dFR_deg": NaN,
      "dKdS_deg": NaN
    }
  ]
}