{
  "out": "/Users/boyde/.spyder-py3/plamb_runs/SkyMap/figs/sweeps_raw/SM_real_m0_f6.png",
  "nside": 32,
  "zmin": 0.1,
  "zmax": 1.2,
  "fwhm_deg": 6.0,
  "rbao_mode": "DH_over_rd/DM_over_rd",
  "fr_compatible": false,
  "dipole": {
    "l_deg": 151.60093390443373,
    "b_deg": -62.96384090607564,
    "R0": 0.23811248217755182,
    "A_eff": 0.0011557376488071352,
    "frac": 0.004853746591685788,
    "p_perm": 0.03596403596403597,
    "R2": 0.0056356844003374595,
    "rho": 0.07507119554354645,
    "dFR_deg": null,
    "dKdS_deg": null
  },
  "tomography": [
    {
      "zmin": 0.4,
      "zmax": 0.7,
      "l_deg": 206.17055887406949,
      "b_deg": -60.08974657433681,
      "R0": 0.24323953900377074,
      "A_eff": 0.00031126994909614193,
      "frac": 0.0012796848340158899,
      "cond": 4.051258979725102,
      "dFR_deg": NaN,
      "dKdS_deg": NaN
    },
    {
      "zmin": 0.7,
      "zmax": 1.0,
      "l_deg": 103.59745835055911,
      "b_deg": -25.49305078918452,
      "R0": 0.23885523159485292,
      "A_eff": 0.0007310120170699644,
      "frac": 0.0030604814983073497,
      "cond": 3.9114420428959367,
      "dFR_deg": NaN,
      "dKdS_deg": NaN
    },
    {
      "zmin": 1.0,
      "zmax": 1.2,
      "l_deg": 116.53937764852796,
      "b_deg": -27.11436012357209,
      "R0": 0.23222327471809026,
      "A_eff": 0.0008331412371447048,
      "frac": 0.003587673277607961,
      "cond": 3.9809618292457345,
      "dFR_deg": NaN,
      "dKdS_deg": NaN
    }
  ]
}